,consumer_sentiment
2020-01-01,0.1383812010443863
2020-01-02,0.1383812010443863
2020-01-03,0.1383812010443863
2020-01-04,0.1383812010443863
2020-01-05,0.1383812010443863
2020-01-06,0.1383812010443863
2020-01-07,0.1383812010443863
2020-01-08,0.1383812010443863
2020-01-09,0.1383812010443863
2020-01-10,0.1383812010443863
2020-01-11,0.1383812010443863
2020-01-12,0.1383812010443863
2020-01-13,0.1383812010443863
2020-01-14,0.1383812010443863
2020-01-15,0.1383812010443863
2020-01-16,0.1383812010443863
2020-01-17,0.1383812010443863
2020-01-18,0.1383812010443863
2020-01-19,0.1383812010443863
2020-01-20,0.1383812010443863
2020-01-21,0.1383812010443863
2020-01-22,0.1383812010443863
2020-01-23,0.1383812010443863
2020-01-24,0.1383812010443863
2020-01-25,0.1383812010443863
2020-01-26,0.1383812010443863
2020-01-27,0.1383812010443863
2020-01-28,0.1383812010443863
2020-01-29,0.1383812010443863
2020-01-30,0.1383812010443863
2020-01-31,0.1383812010443863
2020-02-01,0.1383812010443863
2020-02-02,0.1383812010443863
2020-02-03,0.1383812010443863
2020-02-04,0.1383812010443863
2020-02-05,0.1383812010443863
2020-02-06,0.1383812010443863
2020-02-07,0.1383812010443863
2020-02-08,0.1383812010443863
2020-02-09,0.1383812010443863
2020-02-10,0.1383812010443863
2020-02-11,0.1383812010443863
2020-02-12,0.1383812010443863
2020-02-13,0.1383812010443863
2020-02-14,0.1383812010443863
2020-02-15,0.1383812010443863
2020-02-16,0.1383812010443863
2020-02-17,0.1383812010443863
2020-02-18,0.1383812010443863
2020-02-19,0.1383812010443863
2020-02-20,0.1383812010443863
2020-02-21,0.1383812010443863
2020-02-22,0.1383812010443863
2020-02-23,0.1383812010443863
2020-02-24,0.1383812010443863
2020-02-25,0.1383812010443863
2020-02-26,0.1383812010443863
2020-02-27,0.1383812010443863
2020-02-28,0.1383812010443863
2020-02-29,0.1383812010443863
2020-03-01,0.1383812010443863
2020-03-02,0.1383812010443863
2020-03-03,0.1383812010443863
2020-03-04,0.1383812010443863
2020-03-05,0.1383812010443863
2020-03-06,0.1383812010443863
2020-03-07,0.1383812010443863
2020-03-08,0.1383812010443863
2020-03-09,0.1383812010443863
2020-03-10,0.1383812010443863
2020-03-11,0.1383812010443863
2020-03-12,0.1383812010443863
2020-03-13,0.1383812010443863
2020-03-14,0.1383812010443863
2020-03-15,0.1383812010443863
2020-03-16,0.1383812010443863
2020-03-17,0.1383812010443863
2020-03-18,0.1383812010443863
2020-03-19,0.1383812010443863
2020-03-20,0.1383812010443863
2020-03-21,0.1383812010443863
2020-03-22,0.1383812010443863
2020-03-23,0.1383812010443863
2020-03-24,0.1383812010443863
2020-03-25,0.1383812010443863
2020-03-26,0.1383812010443863
2020-03-27,0.1383812010443863
2020-03-28,0.1383812010443863
2020-03-29,0.1383812010443863
2020-03-30,0.1385055327614073
2020-03-31,0.1387541961954493
2020-04-01,0.1391271913465124
2020-04-02,0.1396245182145964
2020-04-03,0.1402461767997015
2020-04-04,0.1409921671018275
2020-04-05,0.1418624891209746
2020-04-06,0.1427328111401217
2020-04-07,0.1436031331592688
2020-04-08,0.1444734551784159
2020-04-09,0.1453437771975629
2020-04-10,0.14621409921671
2020-04-11,0.1470844212358571
2020-04-12,0.1479547432550042
2020-04-13,0.1488250652741513
2020-04-14,0.1496953872932984
2020-04-15,0.1505657093124454
2020-04-16,0.1514360313315925
2020-04-17,0.1523063533507396
2020-04-18,0.1531766753698867
2020-04-19,0.1540469973890338
2020-04-20,0.1549173194081809
2020-04-21,0.1557876414273279
2020-04-22,0.156657963446475
2020-04-23,0.1575282854656221
2020-04-24,0.1583986074847692
2020-04-25,0.1592689295039162
2020-04-26,0.1601392515230633
2020-04-27,0.1610095735422104
2020-04-28,0.1618798955613575
2020-04-29,0.1640216096545581
2020-04-30,0.1674347158218124
2020-05-01,0.1721192140631202
2020-05-02,0.1780751043784816
2020-05-03,0.1853023867678966
2020-05-04,0.1938010612313651
2020-05-05,0.2035711277688872
2020-05-06,0.2133411943064093
2020-05-07,0.2231112608439314
2020-05-08,0.2328813273814536
2020-05-09,0.2426513939189757
2020-05-10,0.2524214604564978
2020-05-11,0.2621915269940199
2020-05-12,0.271961593531542
2020-05-13,0.2817316600690641
2020-05-14,0.2915017266065863
2020-05-15,0.3012717931441084
2020-05-16,0.3110418596816305
2020-05-17,0.3208119262191526
2020-05-18,0.3305819927566747
2020-05-19,0.3403520592941969
2020-05-20,0.350122125831719
2020-05-21,0.359892192369241
2020-05-22,0.3696622589067632
2020-05-23,0.3794323254442853
2020-05-24,0.3892023919818074
2020-05-25,0.3989724585193295
2020-05-26,0.4087425250568516
2020-05-27,0.4185125915943737
2020-05-28,0.4282826581318958
2020-05-29,0.4380527246694179
2020-05-30,0.4450345521852302
2020-05-31,0.4492281406793324
2020-06-01,0.4506334901517248
2020-06-02,0.4492506006024072
2020-06-03,0.4450794720313797
2020-06-04,0.4381201044386423
2020-06-05,0.428372497824195
2020-06-06,0.4186248912097476
2020-06-07,0.4088772845953003
2020-06-08,0.3991296779808529
2020-06-09,0.3893820713664057
2020-06-10,0.3796344647519583
2020-06-11,0.369886858137511
2020-06-12,0.3601392515230636
2020-06-13,0.3503916449086163
2020-06-14,0.340644038294169
2020-06-15,0.3308964316797216
2020-06-16,0.3211488250652743
2020-06-17,0.3114012184508269
2020-06-18,0.3016536118363797
2020-06-19,0.2919060052219323
2020-06-20,0.282158398607485
2020-06-21,0.2724107919930376
2020-06-22,0.2626631853785903
2020-06-23,0.2529155787641429
2020-06-24,0.2431679721496956
2020-06-25,0.2334203655352482
2020-06-26,0.2236727589208009
2020-06-27,0.2139251523063536
2020-06-28,0.2041775456919062
2020-06-29,0.1958224543080942
2020-06-30,0.1888598781549176
2020-07-01,0.1832898172323762
2020-07-02,0.1791122715404702
2020-07-03,0.1763272410791996
2020-07-04,0.1749347258485643
2020-07-05,0.1749347258485643
2020-07-06,0.1749347258485643
2020-07-07,0.1749347258485643
2020-07-08,0.1749347258485643
2020-07-09,0.1749347258485643
2020-07-10,0.1749347258485643
2020-07-11,0.1749347258485643
2020-07-12,0.1749347258485643
2020-07-13,0.1749347258485643
2020-07-14,0.1749347258485643
2020-07-15,0.1749347258485643
2020-07-16,0.1749347258485643
2020-07-17,0.1749347258485643
2020-07-18,0.1749347258485643
2020-07-19,0.1749347258485643
2020-07-20,0.1749347258485643
2020-07-21,0.1749347258485643
2020-07-22,0.1749347258485643
2020-07-23,0.1749347258485643
2020-07-24,0.1749347258485643
2020-07-25,0.1749347258485643
2020-07-26,0.1749347258485643
2020-07-27,0.1749347258485643
2020-07-28,0.1749347258485643
2020-07-29,0.1749347258485643
2020-07-30,0.176835797908821
2020-07-31,0.1806379420293346
2020-08-01,0.1863411582101048
2020-08-02,0.1939454464511319
2020-08-03,0.2034508067524157
2020-08-04,0.2148572391139563
2020-08-05,0.2281647435357537
2020-08-06,0.241472247957551
2020-08-07,0.2547797523793484
2020-08-08,0.2680872568011457
2020-08-09,0.2813947612229431
2020-08-10,0.2947022656447405
2020-08-11,0.3080097700665378
2020-08-12,0.3213172744883352
2020-08-13,0.3346247789101326
2020-08-14,0.3479322833319299
2020-08-15,0.3612397877537273
2020-08-16,0.3745472921755247
2020-08-17,0.3878547965973219
2020-08-18,0.4011623010191193
2020-08-19,0.4144698054409167
2020-08-20,0.427777309862714
2020-08-21,0.4410848142845114
2020-08-22,0.4543923187063088
2020-08-23,0.4676998231281061
2020-08-24,0.4810073275499035
2020-08-25,0.4943148319717008
2020-08-26,0.5076223363934982
2020-08-27,0.5209298408152956
2020-08-28,0.534237345237093
2020-08-29,0.5475448496588903
2020-08-30,0.5592994108280896
2020-08-31,0.5695010287446912
2020-09-01,0.5781497034086948
2020-09-02,0.5852454348201004
2020-09-03,0.5907882229789081
2020-09-04,0.5947780678851179
2020-09-05,0.5972149695387297
2020-09-06,0.5996518711923416
2020-09-07,0.6020887728459534
2020-09-08,0.6045256744995652
2020-09-09,0.6069625761531771
2020-09-10,0.6093994778067888
2020-09-11,0.6118363794604008
2020-09-12,0.6142732811140126
2020-09-13,0.6167101827676243
2020-09-14,0.6191470844212362
2020-09-15,0.621583986074848
2020-09-16,0.62402088772846
2020-09-17,0.6264577893820718
2020-09-18,0.6288946910356835
2020-09-19,0.6313315926892954
2020-09-20,0.6337684943429072
2020-09-21,0.6362053959965192
2020-09-22,0.6386422976501309
2020-09-23,0.6410791993037427
2020-09-24,0.6435161009573546
2020-09-25,0.6459530026109663
2020-09-26,0.6483899042645783
2020-09-27,0.6508268059181901
2020-09-28,0.6532637075718019
2020-09-29,0.6553524804177548
2020-09-30,0.657093124456049
2020-10-01,0.6584856396866844
2020-10-02,0.6595300261096609
2020-10-03,0.6602262837249785
2020-10-04,0.6605744125326374
2020-10-05,0.6605744125326374
2020-10-06,0.6605744125326374
2020-10-07,0.6605744125326374
2020-10-08,0.6605744125326374
2020-10-09,0.6605744125326374
2020-10-10,0.6605744125326374
2020-10-11,0.6605744125326374
2020-10-12,0.6605744125326374
2020-10-13,0.6605744125326374
2020-10-14,0.6605744125326374
2020-10-15,0.6605744125326374
2020-10-16,0.6605744125326374
2020-10-17,0.6605744125326374
2020-10-18,0.6605744125326374
2020-10-19,0.6605744125326374
2020-10-20,0.6605744125326374
2020-10-21,0.6605744125326374
2020-10-22,0.6605744125326374
2020-10-23,0.6605744125326374
2020-10-24,0.6605744125326374
2020-10-25,0.6605744125326374
2020-10-26,0.6605744125326374
2020-10-27,0.6605744125326374
2020-10-28,0.6605744125326374
2020-10-29,0.6605744125326374
2020-10-30,0.6603008827551912
2020-10-31,0.6597538232002986
2020-11-01,0.65893323386796
2020-11-02,0.6578391147581751
2020-11-03,0.656471465870944
2020-11-04,0.6548302872062666
2020-11-05,0.6529155787641431
2020-11-06,0.6510008703220195
2020-11-07,0.6490861618798959
2020-11-08,0.6471714534377723
2020-11-09,0.6452567449956487
2020-11-10,0.6433420365535251
2020-11-11,0.6414273281114015
2020-11-12,0.6395126196692779
2020-11-13,0.6375979112271544
2020-11-14,0.6356832027850308
2020-11-15,0.6337684943429072
2020-11-16,0.6318537859007834
2020-11-17,0.62993907745866
2020-11-18,0.6280243690165364
2020-11-19,0.6261096605744128
2020-11-20,0.6241949521322893
2020-11-21,0.6222802436901657
2020-11-22,0.620365535248042
2020-11-23,0.6184508268059183
2020-11-24,0.6165361183637948
2020-11-25,0.6146214099216712
2020-11-26,0.6127067014795476
2020-11-27,0.610791993037424
2020-11-28,0.6088772845953005
2020-11-29,0.607236105930623
2020-11-30,0.605868457043392
2020-12-01,0.6047743379336071
2020-12-02,0.6039537486012685
2020-12-03,0.603406689046376
2020-12-04,0.6031331592689297
2020-12-05,0.6031331592689297
2020-12-06,0.6031331592689297
2020-12-07,0.6031331592689297
2020-12-08,0.6031331592689297
2020-12-09,0.6031331592689297
2020-12-10,0.6031331592689297
2020-12-11,0.6031331592689297
2020-12-12,0.6031331592689297
2020-12-13,0.6031331592689297
2020-12-14,0.6031331592689297
2020-12-15,0.6031331592689297
2020-12-16,0.6031331592689297
2020-12-17,0.6031331592689297
2020-12-18,0.6031331592689297
2020-12-19,0.6031331592689297
2020-12-20,0.6031331592689297
2020-12-21,0.6031331592689297
2020-12-22,0.6031331592689297
2020-12-23,0.6031331592689297
2020-12-24,0.6031331592689297
2020-12-25,0.6031331592689297
2020-12-26,0.6031331592689297
2020-12-27,0.6031331592689297
2020-12-28,0.6031331592689297
2020-12-29,0.6031331592689297
2020-12-30,0.6021946553404486
2020-12-31,0.6003176474834861
2021-01-01,0.5975021356980427
2021-01-02,0.5937481199841178
2021-01-03,0.5890556003417119
2021-01-04,0.5834245767708248
2021-01-05,0.5768550492714565
2021-01-06,0.5702855217720881
2021-01-07,0.5637159942727198
2021-01-08,0.5571464667733516
2021-01-09,0.5505769392739832
2021-01-10,0.544007411774615
2021-01-11,0.5374378842752466
2021-01-12,0.5308683567758783
2021-01-13,0.52429882927651
2021-01-14,0.5177293017771417
2021-01-15,0.5111597742777734
2021-01-16,0.504590246778405
2021-01-17,0.4980207192790367
2021-01-18,0.4914511917796684
2021-01-19,0.4848816642803001
2021-01-20,0.4783121367809318
2021-01-21,0.4717426092815635
2021-01-22,0.4651730817821952
2021-01-23,0.4586035542828268
2021-01-24,0.4520340267834585
2021-01-25,0.4454644992840902
2021-01-26,0.4388949717847219
2021-01-27,0.4323254442853536
2021-01-28,0.4257559167859853
2021-01-29,0.419186389286617
2021-01-30,0.4157134090897375
2021-01-31,0.4153369761953466
2021-02-01,0.4180570906034446
2021-02-02,0.4238737523140314
2021-02-03,0.4327869613271068
2021-02-04,0.4447967176426711
2021-02-05,0.4599030212607239
2021-02-06,0.4750093248787769
2021-02-07,0.49011562849683
2021-02-08,0.505221932114883
2021-02-09,0.5203282357329359
2021-02-10,0.535434539350989
2021-02-11,0.5505408429690419
2021-02-12,0.5656471465870949
2021-02-13,0.5807534502051478
2021-02-14,0.5958597538232009
2021-02-15,0.6109660574412539
2021-02-16,0.6260723610593069
2021-02-17,0.6411786646773597
2021-02-18,0.6562849682954128
2021-02-19,0.6713912719134658
2021-02-20,0.6864975755315188
2021-02-21,0.7016038791495717
2021-02-22,0.7167101827676249
2021-02-23,0.7318164863856779
2021-02-24,0.7469227900037306
2021-02-25,0.7620290936217838
2021-02-26,0.7771353972398367
2021-02-27,0.7909018403958914
2021-02-28,0.8033284230899477
2021-03-01,0.8144151453220057
2021-03-02,0.8241620070920652
2021-03-03,0.8325690084001266
2021-03-04,0.8396361492461896
2021-03-05,0.8453634296302545
2021-03-06,0.8510907100143189
2021-03-07,0.8568179903983838
2021-03-08,0.8625452707824482
2021-03-09,0.8682725511665131
2021-03-10,0.8739998315505776
2021-03-11,0.8797271119346425
2021-03-12,0.8854543923187069
2021-03-13,0.8911816727027718
2021-03-14,0.8969089530868363
2021-03-15,0.9026362334709012
2021-03-16,0.9083635138549656
2021-03-17,0.9140907942390304
2021-03-18,0.919818074623095
2021-03-19,0.9255453550071598
2021-03-20,0.9312726353912244
2021-03-21,0.9369999157752892
2021-03-22,0.9427271961593536
2021-03-23,0.9484544765434184
2021-03-24,0.954181756927483
2021-03-25,0.959909037311548
2021-03-26,0.9656363176956124
2021-03-27,0.9713635980796772
2021-03-28,0.9770908784637417
2021-03-29,0.9828181588478064
2021-03-30,0.9877272563198618
2021-03-31,0.991818170879908
2021-04-01,0.995090902527945
2021-04-02,0.9975454512639728
2021-04-03,0.9991818170879913
2021-04-04,1.0000000000000004
2021-04-05,1.0000000000000004
2021-04-06,1.0000000000000004
2021-04-07,1.0000000000000004
2021-04-08,1.0000000000000004
2021-04-09,1.0000000000000004
2021-04-10,1.0000000000000004
2021-04-11,1.0000000000000004
2021-04-12,1.0000000000000004
2021-04-13,1.0000000000000004
2021-04-14,1.0000000000000004
2021-04-15,1.0000000000000004
2021-04-16,1.0000000000000004
2021-04-17,1.0000000000000004
2021-04-18,1.0000000000000004
2021-04-19,1.0000000000000004
2021-04-20,1.0000000000000004
2021-04-21,1.0000000000000004
2021-04-22,1.0000000000000004
2021-04-23,1.0000000000000004
2021-04-24,1.0000000000000004
2021-04-25,1.0000000000000004
2021-04-26,1.0000000000000004
2021-04-27,1.0000000000000004
2021-04-28,1.0000000000000004
2021-04-29,0.9993262023077576
2021-04-30,0.9979786069232718
2021-05-01,0.995957213846543
2021-05-02,0.9932620230775716
2021-05-03,0.9898930346163568
2021-05-04,0.9858502484628996
2021-05-05,0.9811336646171992
2021-05-06,0.9764170807714988
2021-05-07,0.9717004969257984
2021-05-08,0.9669839130800982
2021-05-09,0.9622673292343978
2021-05-10,0.9575507453886976
2021-05-11,0.9528341615429972
2021-05-12,0.9481175776972968
2021-05-13,0.9434009938515964
2021-05-14,0.9386844100058962
2021-05-15,0.933967826160196
2021-05-16,0.9292512423144956
2021-05-17,0.9245346584687952
2021-05-18,0.919818074623095
2021-05-19,0.9151014907773946
2021-05-20,0.9103849069316944
2021-05-21,0.905668323085994
2021-05-22,0.9009517392402936
2021-05-23,0.8962351553945933
2021-05-24,0.891518571548893
2021-05-25,0.8868019877031926
2021-05-26,0.8820854038574923
2021-05-27,0.8773688200117921
2021-05-28,0.8726522361660917
2021-05-29,0.8679356523203915
2021-05-30,0.8628236134005532
2021-05-31,0.8573161194065773
2021-06-01,0.8514131703384636
2021-06-02,0.8451147661962121
2021-06-03,0.8384209069798229
2021-06-04,0.8313315926892957
2021-06-05,0.8238468233246307
2021-06-06,0.8163620539599659
2021-06-07,0.808877284595301
2021-06-08,0.8013925152306359
2021-06-09,0.7939077458659709
2021-06-10,0.7864229765013061
2021-06-11,0.7789382071366412
2021-06-12,0.7714534377719762
2021-06-13,0.7639686684073113
2021-06-14,0.7564838990426462
2021-06-15,0.7489991296779814
2021-06-16,0.7415143603133164
2021-06-17,0.7340295909486516
2021-06-18,0.7265448215839868
2021-06-19,0.7190600522193218
2021-06-20,0.7115752828546569
2021-06-21,0.7040905134899919
2021-06-22,0.6966057441253269
2021-06-23,0.689120974760662
2021-06-24,0.6816362053959971
2021-06-25,0.6741514360313321
2021-06-26,0.6666666666666672
2021-06-27,0.6591818973020024
2021-06-28,0.6516971279373374
2021-06-29,0.6452816113390532
2021-06-30,0.6399353475071496
2021-07-01,0.6356583364416268
2021-07-02,0.6324505781424846
2021-07-03,0.6303120726097233
2021-07-04,0.6292428198433426
2021-07-05,0.6292428198433426
2021-07-06,0.6292428198433426
2021-07-07,0.6292428198433426
2021-07-08,0.6292428198433426
2021-07-09,0.6292428198433426
2021-07-10,0.6292428198433426
2021-07-11,0.6292428198433426
2021-07-12,0.6292428198433426
2021-07-13,0.6292428198433426
2021-07-14,0.6292428198433426
2021-07-15,0.6292428198433426
2021-07-16,0.6292428198433426
2021-07-17,0.6292428198433426
2021-07-18,0.6292428198433426
2021-07-19,0.6292428198433426
2021-07-20,0.6292428198433426
2021-07-21,0.6292428198433426
2021-07-22,0.6292428198433426
2021-07-23,0.6292428198433426
2021-07-24,0.6292428198433426
2021-07-25,0.6292428198433426
2021-07-26,0.6292428198433426
2021-07-27,0.6292428198433426
2021-07-28,0.6292428198433426
2021-07-29,0.6292428198433426
2021-07-30,0.6272214267666139
2021-07-31,0.6231786406131565
2021-08-01,0.6171144613829703
2021-08-02,0.6090288890760556
2021-08-03,0.5989219236924119
2021-08-04,0.5867935652320396
2021-08-05,0.5726438136949386
2021-08-06,0.5584940621578377
2021-08-07,0.5443443106207366
2021-08-08,0.5301945590836357
2021-08-09,0.5160448075465347
2021-08-10,0.5018950560094336
2021-08-11,0.4877453044723326
2021-08-12,0.4735955529352316
2021-08-13,0.4594458013981306
2021-08-14,0.4452960498610296
2021-08-15,0.4311462983239286
2021-08-16,0.4169965467868276
2021-08-17,0.4028467952497266
2021-08-18,0.3886970437126256
2021-08-19,0.3745472921755247
2021-08-20,0.3603975406384236
2021-08-21,0.3462477891013226
2021-08-22,0.3320980375642217
2021-08-23,0.3179482860271206
2021-08-24,0.3037985344900197
2021-08-25,0.2896487829529186
2021-08-26,0.2754990314158176
2021-08-27,0.2613492798787166
2021-08-28,0.2471995283416156
2021-08-29,0.2330497768045146
2021-08-30,0.2206478885666961
2021-08-31,0.2099938636281601
2021-09-01,0.2010877019889066
2021-09-02,0.1939294036489355
2021-09-03,0.1885189686082469
2021-09-04,0.1848563968668409
2021-09-05,0.1829416884247173
2021-09-06,0.1810269799825937
2021-09-07,0.1791122715404701
2021-09-08,0.1771975630983465
2021-09-09,0.1752828546562229
2021-09-10,0.1733681462140994
2021-09-11,0.1714534377719757
2021-09-12,0.1695387293298522
2021-09-13,0.1676240208877286
2021-09-14,0.165709312445605
2021-09-15,0.1637946040034814
2021-09-16,0.1618798955613578
2021-09-17,0.1599651871192342
2021-09-18,0.1580504786771106
2021-09-19,0.156135770234987
2021-09-20,0.1542210617928635
2021-09-21,0.1523063533507399
2021-09-22,0.1503916449086163
2021-09-23,0.1484769364664927
2021-09-24,0.1465622280243691
2021-09-25,0.1446475195822455
2021-09-26,0.1427328111401219
2021-09-27,0.1408181026979983
2021-09-28,0.1389033942558748
2021-09-29,0.1362274548495386
2021-09-30,0.13279028447899
2021-10-01,0.1285918831442289
2021-10-02,0.1236322508452552
2021-10-03,0.1179113875820691
2021-10-04,0.1114292933546704
2021-10-05,0.1041859681630592
2021-10-06,0.0969426429714479
2021-10-07,0.0896993177798367
2021-10-08,0.0824559925882255
2021-10-09,0.0752126673966143
2021-10-10,0.0679693422050031
2021-10-11,0.0607260170133919
2021-10-12,0.0534826918217807
2021-10-13,0.0462393666301695
2021-10-14,0.0389960414385583
2021-10-15,0.0317527162469471
2021-10-16,0.0245093910553359
2021-10-17,0.0172660658637247
2021-10-18,0.0100227406721135
2021-10-19,0.0027794154805023
2021-10-20,-0.0044639097111088
2021-10-21,-0.01170723490272
2021-10-22,-0.0189505600943312
2021-10-23,-0.0261938852859424
2021-10-24,-0.0334372104775536
2021-10-25,-0.0406805356691648
2021-10-26,-0.047923860860776
2021-10-27,-0.0551671860523872
2021-10-28,-0.0624105112439985
2021-10-29,-0.0696538364356097
2021-10-30,-0.0750666778966276
2021-10-31,-0.0786490356270524
2021-11-01,-0.080400909626884
2021-11-02,-0.0803222998961223
2021-11-03,-0.0784132064347674
2021-11-04,-0.0746736292428193
2021-11-05,-0.069103568320278
2021-11-06,-0.0635335073977367
2021-11-07,-0.0579634464751953
2021-11-08,-0.052393385552654
2021-11-09,-0.0468233246301127
2021-11-10,-0.0412532637075714
2021-11-11,-0.03568320278503
2021-11-12,-0.0301131418624887
2021-11-13,-0.0245430809399474
2021-11-14,-0.0189730200174061
2021-11-15,-0.0134029590948647
2021-11-16,-0.0078328981723234
2021-11-17,-0.0022628372497821
2021-11-18,0.0033072236727591
2021-11-19,0.0088772845953005
2021-11-20,0.0144473455178418
2021-11-21,0.0200174064403831
2021-11-22,0.0255874673629244
2021-11-23,0.0311575282854657
2021-11-24,0.0367275892080071
2021-11-25,0.0422976501305484
2021-11-26,0.0478677110530897
2021-11-27,0.053437771975631
2021-11-28,0.0590078328981724
2021-11-29,0.0637821708317792
2021-11-30,0.0677607857764516
2021-12-01,0.0709436777321895
2021-12-02,0.0733308466989929
2021-12-03,0.0749222926768619
2021-12-04,0.0757180156657963
2021-12-05,0.0757180156657963
2021-12-06,0.0757180156657963
2021-12-07,0.0757180156657963
2021-12-08,0.0757180156657963
2021-12-09,0.0757180156657963
2021-12-10,0.0757180156657963
2021-12-11,0.0757180156657963
2021-12-12,0.0757180156657963
2021-12-13,0.0757180156657963
2021-12-14,0.0757180156657963
2021-12-15,0.0757180156657963
2021-12-16,0.0757180156657963
2021-12-17,0.0757180156657963
2021-12-18,0.0757180156657963
2021-12-19,0.0757180156657963
2021-12-20,0.0757180156657963
2021-12-21,0.0757180156657963
2021-12-22,0.0757180156657963
2021-12-23,0.0757180156657963
2021-12-24,0.0757180156657963
2021-12-25,0.0757180156657963
2021-12-26,0.0757180156657963
2021-12-27,0.0757180156657963
2021-12-28,0.0757180156657963
2021-12-29,0.0757180156657963
2021-12-30,0.073841007808834
2021-12-31,0.0700869920949092
2022-01-01,0.0644559685240221
2022-01-02,0.0569479370961726
2022-01-03,0.0475628978113607
2022-01-04,0.0363008506695864
2022-01-05,0.0231617956708498
2022-01-06,0.0100227406721132
2022-01-07,-0.0031163143266234
2022-01-08,-0.01625536932536
2022-01-09,-0.0293944243240967
2022-01-10,-0.0425334793228333
2022-01-11,-0.0556725343215699
2022-01-12,-0.0688115893203066
2022-01-13,-0.0819506443190432
2022-01-14,-0.0950896993177798
2022-01-15,-0.1082287543165165
2022-01-16,-0.1213678093152531
2022-01-17,-0.1345068643139898
2022-01-18,-0.1476459193127264
2022-01-19,-0.160784974311463
2022-01-20,-0.1739240293101997
2022-01-21,-0.1870630843089363
2022-01-22,-0.200202139307673
2022-01-23,-0.2133411943064096
2022-01-24,-0.2264802493051462
2022-01-25,-0.2396193043038829
2022-01-26,-0.2527583593026196
2022-01-27,-0.2658974143013562
2022-01-28,-0.2790364693000928
2022-01-29,-0.2921755242988295
2022-01-30,-0.304343416807471
2022-01-31,-0.3155401468260178
2022-02-01,-0.3257657143544694
2022-02-02,-0.3350201193928259
2022-02-03,-0.3433033619410875
2022-02-04,-0.3506154419992541
2022-02-05,-0.3569563595673258
2022-02-06,-0.3632972771353974
2022-02-07,-0.3696381947034691
2022-02-08,-0.3759791122715406
2022-02-09,-0.3823200298396123
2022-02-10,-0.3886609474076839
2022-02-11,-0.3950018649757555
2022-02-12,-0.4013427825438271
2022-02-13,-0.4076837001118987
2022-02-14,-0.4140246176799703
2022-02-15,-0.420365535248042
2022-02-16,-0.4267064528161136
2022-02-17,-0.4330473703841852
2022-02-18,-0.4393882879522568
2022-02-19,-0.4457292055203284
2022-02-20,-0.4520701230884
2022-02-21,-0.4584110406564716
2022-02-22,-0.4647519582245433
2022-02-23,-0.4710928757926149
2022-02-24,-0.4774337933606865
2022-02-25,-0.4837747109287581
2022-02-26,-0.4901156284968297
2022-02-27,-0.4941549769069594
2022-02-28,-0.4958927561591471
2022-03-01,-0.4953289662533928
2022-03-02,-0.4924636071896966
2022-03-03,-0.4872966789680584
2022-03-04,-0.4798281815884782
2022-03-05,-0.4700581150509561
2022-03-06,-0.4602880485134339
2022-03-07,-0.4505179819759118
2022-03-08,-0.4407479154383896
2022-03-09,-0.4309778489008676
2022-03-10,-0.4212077823633454
2022-03-11,-0.4114377158258233
2022-03-12,-0.4016676492883012
2022-03-13,-0.391897582750779
2022-03-14,-0.3821275162132569
2022-03-15,-0.3723574496757348
2022-03-16,-0.3625873831382127
2022-03-17,-0.3528173166006905
2022-03-18,-0.3430472500631684
2022-03-19,-0.3332771835256463
2022-03-20,-0.3235071169881242
2022-03-21,-0.313737050450602
2022-03-22,-0.3039669839130799
2022-03-23,-0.2941969173755577
2022-03-24,-0.2844268508380356
2022-03-25,-0.2746567843005135
2022-03-26,-0.2648867177629914
2022-03-27,-0.2551166512254693
2022-03-28,-0.2453465846879471
2022-03-29,-0.235576518150425
2022-03-30,-0.2272021754039774
2022-03-31,-0.2202235564486045
2022-04-01,-0.2146406612843061
2022-04-02,-0.2104534899110823
2022-04-03,-0.2076620423289332
2022-04-04,-0.2062663185378586
2022-04-05,-0.2062663185378586
2022-04-06,-0.2062663185378586
2022-04-07,-0.2062663185378586
2022-04-08,-0.2062663185378586
2022-04-09,-0.2062663185378586
2022-04-10,-0.2062663185378586
2022-04-11,-0.2062663185378586
2022-04-12,-0.2062663185378586
2022-04-13,-0.2062663185378586
2022-04-14,-0.2062663185378586
2022-04-15,-0.2062663185378586
2022-04-16,-0.2062663185378586
2022-04-17,-0.2062663185378586
2022-04-18,-0.2062663185378586
2022-04-19,-0.2062663185378586
2022-04-20,-0.2062663185378586
2022-04-21,-0.2062663185378586
2022-04-22,-0.2062663185378586
2022-04-23,-0.2062663185378586
2022-04-24,-0.2062663185378586
2022-04-25,-0.2062663185378586
2022-04-26,-0.2062663185378586
2022-04-27,-0.2062663185378586
2022-04-28,-0.2062663185378586
2022-04-29,-0.2099240774386057
2022-04-30,-0.2172395952401002
2022-05-01,-0.2282128719423417
2022-05-02,-0.2428439075453305
2022-05-03,-0.2611327020490665
2022-05-04,-0.2830792554535496
2022-05-05,-0.3086835677587801
2022-05-06,-0.3342878800640104
2022-05-07,-0.3598921923692408
2022-05-08,-0.3854965046744712
2022-05-09,-0.4111008169797015
2022-05-10,-0.4367051292849319
2022-05-11,-0.4623094415901623
2022-05-12,-0.4879137538953926
2022-05-13,-0.513518066200623
2022-05-14,-0.5391223785058534
2022-05-15,-0.5647266908110838
2022-05-16,-0.5903310031163141
2022-05-17,-0.6159353154215444
2022-05-18,-0.641539627726775
2022-05-19,-0.6671439400320053
2022-05-20,-0.6927482523372356
2022-05-21,-0.7183525646424659
2022-05-22,-0.7439568769476964
2022-05-23,-0.7695611892529267
2022-05-24,-0.795165501558157
2022-05-25,-0.8207698138633874
2022-05-26,-0.8463741261686177
2022-05-27,-0.8719784384738481
2022-05-28,-0.8975827507790787
2022-05-29,-0.923187063084309
2022-05-30,-0.9447606213377292
2022-05-31,-0.9623034255393388
2022-06-01,-0.9758154756891386
2022-06-02,-0.9852967717871282
2022-06-03,-0.9907473138333072
2022-06-04,-0.9921671018276762
2022-06-05,-0.9895561357702348
2022-06-06,-0.9869451697127936
2022-06-07,-0.9843342036553524
2022-06-08,-0.9817232375979112
2022-06-09,-0.97911227154047
2022-06-10,-0.9765013054830288
2022-06-11,-0.9738903394255872
2022-06-12,-0.9712793733681462
2022-06-13,-0.968668407310705
2022-06-14,-0.9660574412532636
2022-06-15,-0.9634464751958224
2022-06-16,-0.9608355091383812
2022-06-17,-0.95822454308094
2022-06-18,-0.9556135770234986
2022-06-19,-0.9530026109660572
2022-06-20,-0.9503916449086162
2022-06-21,-0.9477806788511748
2022-06-22,-0.9451697127937336
2022-06-23,-0.9425587467362924
2022-06-24,-0.9399477806788512
2022-06-25,-0.9373368146214098
2022-06-26,-0.9347258485639686
2022-06-27,-0.9321148825065272
2022-06-28,-0.929503916449086
2022-06-29,-0.9256536439219838
2022-06-30,-0.9205640649252204
2022-07-01,-0.9142351794587958
2022-07-02,-0.9066669875227104
2022-07-03,-0.897859489116964
2022-07-04,-0.8878126842415562
2022-07-05,-0.8765265728964876
2022-07-06,-0.865240461551419
2022-07-07,-0.8539543502063504
2022-07-08,-0.8426682388612817
2022-07-09,-0.8313821275162131
2022-07-10,-0.8200960161711445
2022-07-11,-0.8088099048260757
2022-07-12,-0.7975237934810071
2022-07-13,-0.7862376821359385
2022-07-14,-0.77495157079087
2022-07-15,-0.7636654594458011
2022-07-16,-0.7523793481007325
2022-07-17,-0.7410932367556639
2022-07-18,-0.7298071254105951
2022-07-19,-0.7185210140655266
2022-07-20,-0.707234902720458
2022-07-21,-0.6959487913753891
2022-07-22,-0.6846626800303206
2022-07-23,-0.673376568685252
2022-07-24,-0.6620904573401833
2022-07-25,-0.6508043459951146
2022-07-26,-0.6395182346500461
2022-07-27,-0.6282321233049775
2022-07-28,-0.6169460119599087
2022-07-29,-0.60565990061484
2022-07-30,-0.595889834077318
2022-07-31,-0.5876358123473423
2022-08-01,-0.5808978354249134
2022-08-02,-0.5756759033100308
2022-08-03,-0.5719700160026948
2022-08-04,-0.5697801735029053
2022-08-05,-0.5691063758106626
2022-08-06,-0.5684325781184196
2022-08-07,-0.5677587804261768
2022-08-08,-0.5670849827339338
2022-08-09,-0.566411185041691
2022-08-10,-0.5657373873494481
2022-08-11,-0.5650635896572052
2022-08-12,-0.5643897919649623
2022-08-13,-0.5637159942727193
2022-08-14,-0.5630421965804765
2022-08-15,-0.5623683988882336
2022-08-16,-0.5616946011959907
2022-08-17,-0.5610208035037478
2022-08-18,-0.5603470058115049
2022-08-19,-0.559673208119262
2022-08-20,-0.5589994104270192
2022-08-21,-0.5583256127347762
2022-08-22,-0.5576518150425334
2022-08-23,-0.5569780173502904
2022-08-24,-0.5563042196580475
2022-08-25,-0.5556304219658047
2022-08-26,-0.5549566242735617
2022-08-27,-0.5542828265813189
2022-08-28,-0.553609028889076
2022-08-29,-0.5529352311968331
2022-08-30,-0.5523576903177678
2022-08-31,-0.55187640625188
2022-09-01,-0.5514913789991698
2022-09-02,-0.5512026085596371
2022-09-03,-0.551010094933282
2022-09-04,-0.5509138381201044
2022-09-05,-0.5509138381201044
2022-09-06,-0.5509138381201044
2022-09-07,-0.5509138381201044
2022-09-08,-0.5509138381201044
2022-09-09,-0.5509138381201044
2022-09-10,-0.5509138381201044
2022-09-11,-0.5509138381201044
2022-09-12,-0.5509138381201044
2022-09-13,-0.5509138381201044
2022-09-14,-0.5509138381201044
2022-09-15,-0.5509138381201044
2022-09-16,-0.5509138381201044
2022-09-17,-0.5509138381201044
2022-09-18,-0.5509138381201044
2022-09-19,-0.5509138381201044
2022-09-20,-0.5509138381201044
2022-09-21,-0.5509138381201044
2022-09-22,-0.5509138381201044
2022-09-23,-0.5509138381201044
2022-09-24,-0.5509138381201044
2022-09-25,-0.5509138381201044
2022-09-26,-0.5509138381201044
2022-09-27,-0.5509138381201044
2022-09-28,-0.5509138381201044
2022-09-29,-0.5513710579826978
2022-09-30,-0.5522854977078846
2022-10-01,-0.5536571572956648
2022-10-02,-0.5554860367460384
2022-10-03,-0.5577721360590054
2022-10-04,-0.5605154552345658
2022-10-05,-0.5637159942727196
2022-10-06,-0.5669165333108733
2022-10-07,-0.5701170723490272
2022-10-08,-0.573317611387181
2022-10-09,-0.5765181504253347
2022-10-10,-0.5797186894634885
2022-10-11,-0.5829192285016422
2022-10-12,-0.5861197675397961
2022-10-13,-0.5893203065779499
2022-10-14,-0.5925208456161036
2022-10-15,-0.5957213846542574
2022-10-16,-0.5989219236924113
2022-10-17,-0.6021224627305651
2022-10-18,-0.6053230017687188
2022-10-19,-0.6085235408068727
2022-10-20,-0.6117240798450264
2022-10-21,-0.6149246188831802
2022-10-22,-0.6181251579213339
2022-10-23,-0.6213256969594878
2022-10-24,-0.6245262359976416
2022-10-25,-0.6277267750357953
2022-10-26,-0.6309273140739491
2022-10-27,-0.634127853112103
2022-10-28,-0.6373283921502567
2022-10-29,-0.6405289311884105
2022-10-30,-0.6425013937184406
2022-10-31,-0.643245779740347
2022-11-01,-0.6427620892541298
2022-11-02,-0.6410503222597889
2022-11-03,-0.6381104787573244
2022-11-04,-0.6339425587467361
2022-11-05,-0.6285465622280242
2022-11-06,-0.6231505657093123
2022-11-07,-0.6177545691906003
2022-11-08,-0.6123585726718884
2022-11-09,-0.6069625761531766
2022-11-10,-0.6015665796344647
2022-11-11,-0.5961705831157528
2022-11-12,-0.5907745865970409
2022-11-13,-0.5853785900783289
2022-11-14,-0.579982593559617
2022-11-15,-0.5745865970409051
2022-11-16,-0.5691906005221932
2022-11-17,-0.5637946040034812
2022-11-18,-0.5583986074847693
2022-11-19,-0.5530026109660574
2022-11-20,-0.5476066144473455
2022-11-21,-0.5422106179286336
2022-11-22,-0.5368146214099216
2022-11-23,-0.5314186248912097
2022-11-24,-0.5260226283724979
2022-11-25,-0.520626631853786
2022-11-26,-0.5152306353350741
2022-11-27,-0.5098346388163622
2022-11-28,-0.5044386422976502
2022-11-29,-0.4998135024244686
2022-11-30,-0.4959592191968172
2022-12-01,-0.4928757926146961
2022-12-02,-0.4905632226781052
2022-12-03,-0.4890215093870447
2022-12-04,-0.4882506527415144
2022-12-05,-0.4882506527415144
2022-12-06,-0.4882506527415144
2022-12-07,-0.4882506527415144
2022-12-08,-0.4882506527415144
2022-12-09,-0.4882506527415144
2022-12-10,-0.4882506527415144
2022-12-11,-0.4882506527415144
2022-12-12,-0.4882506527415144
2022-12-13,-0.4882506527415144
2022-12-14,-0.4882506527415144
2022-12-15,-0.4882506527415144
2022-12-16,-0.4882506527415144
2022-12-17,-0.4882506527415144
2022-12-18,-0.4882506527415144
2022-12-19,-0.4882506527415144
2022-12-20,-0.4882506527415144
2022-12-21,-0.4882506527415144
2022-12-22,-0.4882506527415144
2022-12-23,-0.4882506527415144
2022-12-24,-0.4882506527415144
2022-12-25,-0.4882506527415144
2022-12-26,-0.4882506527415144
2022-12-27,-0.4882506527415144
2022-12-28,-0.4882506527415144
2022-12-29,-0.4882506527415144
2022-12-30,-0.4865420943076128
2022-12-31,-0.4831249774398096
2023-01-01,-0.4779993021381045
2023-01-02,-0.471165068402498
2023-01-03,-0.4626222762329897
2023-01-04,-0.4523709256295798
2023-01-05,-0.4404110165922683
2023-01-06,-0.4284511075549567
2023-01-07,-0.4164911985176451
2023-01-08,-0.4045312894803335
2023-01-09,-0.392571380443022
2023-01-10,-0.3806114714057105
2023-01-11,-0.3686515623683989
2023-01-12,-0.3566916533310872
2023-01-13,-0.3447317442937758
2023-01-14,-0.3327718352564642
2023-01-15,-0.3208119262191527
2023-01-16,-0.3088520171818411
2023-01-17,-0.2968921081445295
2023-01-18,-0.284932199107218
2023-01-19,-0.2729722900699065
2023-01-20,-0.2610123810325949
2023-01-21,-0.2490524719952833
2023-01-22,-0.2370925629579718
2023-01-23,-0.2251326539206602
2023-01-24,-0.2131727448833486
2023-01-25,-0.2012128358460371
2023-01-26,-0.1892529268087255
2023-01-27,-0.177293017771414
2023-01-28,-0.1653331087341024
2023-01-29,-0.1533731996967909
2023-01-30,-0.1444273321221016
2023-01-31,-0.1384955060100346
2023-02-01,-0.1355777213605899
2023-02-02,-0.1356739781737674
2023-02-03,-0.1387842764495672
2023-02-04,-0.1449086161879894
2023-02-05,-0.1540469973890337
2023-02-06,-0.1631853785900781
2023-02-07,-0.1723237597911225
2023-02-08,-0.1814621409921669
2023-02-09,-0.1906005221932113
2023-02-10,-0.1997389033942557
2023-02-11,-0.2088772845953001
2023-02-12,-0.2180156657963445
2023-02-13,-0.2271540469973889
2023-02-14,-0.2362924281984333
2023-02-15,-0.2454308093994777
2023-02-16,-0.2545691906005221
2023-02-17,-0.2637075718015665
2023-02-18,-0.2728459530026109
2023-02-19,-0.2819843342036552
2023-02-20,-0.2911227154046996
2023-02-21,-0.300261096605744
2023-02-22,-0.3093994778067884
2023-02-23,-0.3185378590078328
2023-02-24,-0.3276762402088772
2023-02-25,-0.3368146214099216
2023-02-26,-0.345953002610966
2023-02-27,-0.3537859007832898
2023-02-28,-0.3603133159268929
2023-03-01,-0.3655352480417754
2023-03-02,-0.3694516971279373
2023-03-03,-0.3720626631853786
2023-03-04,-0.3733681462140992
2023-03-05,-0.3733681462140992
2023-03-06,-0.3733681462140992
2023-03-07,-0.3733681462140992
2023-03-08,-0.3733681462140992
2023-03-09,-0.3733681462140992
2023-03-10,-0.3733681462140992
2023-03-11,-0.3733681462140992
2023-03-12,-0.3733681462140992
2023-03-13,-0.3733681462140992
2023-03-14,-0.3733681462140992
2023-03-15,-0.3733681462140992
2023-03-16,-0.3733681462140992
2023-03-17,-0.3733681462140992
2023-03-18,-0.3733681462140992
2023-03-19,-0.3733681462140992
2023-03-20,-0.3733681462140992
2023-03-21,-0.3733681462140992
2023-03-22,-0.3733681462140992
2023-03-23,-0.3733681462140992
2023-03-24,-0.3733681462140992
2023-03-25,-0.3733681462140992
2023-03-26,-0.3733681462140992
2023-03-27,-0.3733681462140992
2023-03-28,-0.3733681462140992
2023-03-29,-0.3733681462140992
2023-03-30,-0.3741141365162252
2023-03-31,-0.3756061171204773
2023-04-01,-0.3778440880268556
2023-04-02,-0.3808280492353599
2023-04-03,-0.3845580007459902
2023-04-04,-0.3890339425587467
2023-04-05,-0.3942558746736292
2023-04-06,-0.3994778067885117
2023-04-07,-0.4046997389033942
2023-04-08,-0.4099216710182767
2023-04-09,-0.4151436031331593
2023-04-10,-0.4203655352480417
2023-04-11,-0.4255874673629242
2023-04-12,-0.4308093994778067
2023-04-13,-0.4360313315926892
2023-04-14,-0.4412532637075718
2023-04-15,-0.4464751958224542
2023-04-16,-0.4516971279373367
2023-04-17,-0.4569190600522192
2023-04-18,-0.4621409921671017
2023-04-19,-0.4673629242819843
2023-04-20,-0.4725848563968667
2023-04-21,-0.4778067885117493
2023-04-22,-0.4830287206266317
2023-04-23,-0.4882506527415143
2023-04-24,-0.4934725848563968
2023-04-25,-0.4986945169712792
2023-04-26,-0.5039164490861617
2023-04-27,-0.5091383812010443
2023-04-28,-0.5143603133159267
2023-04-29,-0.5175849165573749
2023-04-30,-0.5188121909253888
2023-05-01,-0.5180421364199683
2023-05-02,-0.5152747530411135
2023-05-03,-0.5105100407888244
2023-05-04,-0.503747999663101
2023-05-05,-0.4949886296639433
2023-05-06,-0.4862292596647855
2023-05-07,-0.4774698896656278
2023-05-08,-0.46871051966647
2023-05-09,-0.4599511496673122
2023-05-10,-0.4511917796681545
2023-05-11,-0.4424324096689967
2023-05-12,-0.433673039669839
2023-05-13,-0.4249136696706813
2023-05-14,-0.4161542996715234
2023-05-15,-0.4073949296723657
2023-05-16,-0.3986355596732079
2023-05-17,-0.3898761896740502
2023-05-18,-0.3811168196748924
2023-05-19,-0.3723574496757347
2023-05-20,-0.3635980796765769
2023-05-21,-0.3548387096774192
2023-05-22,-0.3460793396782615
2023-05-23,-0.3373199696791036
2023-05-24,-0.3285605996799459
2023-05-25,-0.3198012296807881
2023-05-26,-0.3110418596816304
2023-05-27,-0.3022824896824727
2023-05-28,-0.2935231196833149
2023-05-29,-0.2847637496841572
2023-05-30,-0.2772557182563077
2023-05-31,-0.2709990253997664
2023-06-01,-0.2659936711145334
2023-06-02,-0.2622396554006087
2023-06-03,-0.2597369782579922
2023-06-04,-0.2584856396866839
2023-06-05,-0.2584856396866839
2023-06-06,-0.2584856396866839
2023-06-07,-0.2584856396866839
2023-06-08,-0.2584856396866839
2023-06-09,-0.2584856396866839
2023-06-10,-0.2584856396866839
2023-06-11,-0.2584856396866839
2023-06-12,-0.2584856396866839
2023-06-13,-0.2584856396866839
2023-06-14,-0.2584856396866839
2023-06-15,-0.2584856396866839
2023-06-16,-0.2584856396866839
2023-06-17,-0.2584856396866839
2023-06-18,-0.2584856396866839
2023-06-19,-0.2584856396866839
2023-06-20,-0.2584856396866839
2023-06-21,-0.2584856396866839
2023-06-22,-0.2584856396866839
2023-06-23,-0.2584856396866839
2023-06-24,-0.2584856396866839
2023-06-25,-0.2584856396866839
2023-06-26,-0.2584856396866839
2023-06-27,-0.2584856396866839
2023-06-28,-0.2584856396866839
2023-06-29,-0.2572343011153756
2023-06-30,-0.2547316239727591
2023-07-01,-0.2509776082588343
2023-07-02,-0.2459722539736013
2023-07-03,-0.2397155611170601
2023-07-04,-0.2322075296892106
2023-07-05,-0.2234481596900528
2023-07-06,-0.214688789690895
2023-07-07,-0.2059294196917373
2023-07-08,-0.1971700496925795
2023-07-09,-0.1884106796934218
2023-07-10,-0.179651309694264
2023-07-11,-0.1708919396951062
2023-07-12,-0.1621325696959485
2023-07-13,-0.1533731996967907
2023-07-14,-0.1446138296976329
2023-07-15,-0.1358544596984751
2023-07-16,-0.1270950896993174
2023-07-17,-0.1183357197001596
2023-07-18,-0.1095763497010018
2023-07-19,-0.100816979701844
2023-07-20,-0.0920576097026863
2023-07-21,-0.0832982397035285
2023-07-22,-0.0745388697043707
2023-07-23,-0.065779499705213
2023-07-24,-0.0570201297060552
2023-07-25,-0.0482607597068974
2023-07-26,-0.0395013897077397
2023-07-27,-0.0307420197085819
2023-07-28,-0.0219826497094241
2023-07-29,-0.0132232797102664
2023-07-30,-0.0061002755351271
2023-07-31,-0.0006136371840063
2023-08-01,0.0032366353430959
2023-08-02,0.0054505420461797
2023-08-03,0.0060280829252451
2023-08-04,0.0049692579802919
2023-08-05,0.0022740672113203
2023-08-06,-0.0004211235576513
2023-08-07,-0.0031163143266229
2023-08-08,-0.0058115050955946
2023-08-09,-0.0085066958645662
2023-08-10,-0.0112018866335379
2023-08-11,-0.0138970774025095
2023-08-12,-0.0165922681714812
2023-08-13,-0.0192874589404528
2023-08-14,-0.0219826497094244
2023-08-15,-0.0246778404783961
2023-08-16,-0.0273730312473677
2023-08-17,-0.0300682220163394
2023-08-18,-0.032763412785311
2023-08-19,-0.0354586035542827
2023-08-20,-0.0381537943232543
2023-08-21,-0.040848985092226
2023-08-22,-0.0435441758611976
2023-08-23,-0.0462393666301692
2023-08-24,-0.0489345573991409
2023-08-25,-0.0516297481681125
2023-08-26,-0.0543249389370842
2023-08-27,-0.0570201297060558
2023-08-28,-0.0597153204750275
2023-08-29,-0.0624105112439991
2023-08-30,-0.0647206747602605
2023-08-31,-0.0666458110238117
2023-09-01,-0.0681859200346526
2023-09-02,-0.0693410017927833
2023-09-03,-0.0701110562982038
2023-09-04,-0.070496083550914
2023-09-05,-0.070496083550914
2023-09-06,-0.070496083550914
2023-09-07,-0.070496083550914
2023-09-08,-0.070496083550914
2023-09-09,-0.070496083550914
2023-09-10,-0.070496083550914
2023-09-11,-0.070496083550914
2023-09-12,-0.070496083550914
2023-09-13,-0.070496083550914
2023-09-14,-0.070496083550914
2023-09-15,-0.070496083550914
2023-09-16,-0.070496083550914
2023-09-17,-0.070496083550914
2023-09-18,-0.070496083550914
2023-09-19,-0.070496083550914
2023-09-20,-0.070496083550914
2023-09-21,-0.070496083550914
2023-09-22,-0.070496083550914
2023-09-23,-0.070496083550914
2023-09-24,-0.070496083550914
2023-09-25,-0.070496083550914
2023-09-26,-0.070496083550914
2023-09-27,-0.070496083550914
2023-09-28,-0.070496083550914
2023-09-29,-0.0720602567650493
2023-09-30,-0.07518860319332
2023-10-01,-0.0798811228357259
2023-10-02,-0.0861378156922672
2023-10-03,-0.0939586817629437
2023-10-04,-0.1033437210477556
2023-10-05,-0.1142929335467028
2023-10-06,-0.1252421460456499
2023-10-07,-0.1361913585445971
2023-10-08,-0.1471405710435443
2023-10-09,-0.1580897835424915
2023-10-10,-0.1690389960414387
2023-10-11,-0.1799882085403859
2023-10-12,-0.1909374210393331
2023-10-13,-0.2018866335382802
2023-10-14,-0.2128358460372274
2023-10-15,-0.2237850585361746
2023-10-16,-0.2347342710351218
2023-10-17,-0.245683483534069
2023-10-18,-0.2566326960330162
2023-10-19,-0.2675819085319633
2023-10-20,-0.2785311210309105
2023-10-21,-0.2894803335298577
2023-10-22,-0.3004295460288049
2023-10-23,-0.3113787585277521
2023-10-24,-0.3223279710266992
2023-10-25,-0.3332771835256464
2023-10-26,-0.3442263960245936
2023-10-27,-0.3551756085235408
2023-10-28,-0.3661248210224879
2023-10-29,-0.3770740335214351
2023-10-30,-0.384370299960294
2023-10-31,-0.3880136203390645
2023-11-01,-0.3880039946577468
2023-11-02,-0.3843414229163407
2023-11-03,-0.3770259051148463
2023-11-04,-0.3660574412532636
2023-11-05,-0.3514360313315925
2023-11-06,-0.3368146214099216
2023-11-07,-0.3221932114882505
2023-11-08,-0.3075718015665795
2023-11-09,-0.2929503916449084
2023-11-10,-0.2783289817232374
2023-11-11,-0.2637075718015663
2023-11-12,-0.2490861618798953
2023-11-13,-0.2344647519582243
2023-11-14,-0.2198433420365533
2023-11-15,-0.2052219321148822
2023-11-16,-0.1906005221932112
2023-11-17,-0.1759791122715401
2023-11-18,-0.1613577023498691
2023-11-19,-0.1467362924281981
2023-11-20,-0.1321148825065271
2023-11-21,-0.117493472584856
2023-11-22,-0.102872062663185
2023-11-23,-0.088250652741514
2023-11-24,-0.0736292428198429
2023-11-25,-0.0590078328981719
2023-11-26,-0.0443864229765009
2023-11-27,-0.0297650130548298
2023-11-28,-0.0151436031331588
2023-11-29,-0.0026109660574408
2023-11-30,0.0078328981723242
2023-12-01,0.0161879895561362
2023-12-02,0.0224543080939952
2023-12-03,0.0266318537859012
2023-12-04,0.0287206266318542
2023-12-05,0.0287206266318542
2023-12-06,0.0287206266318542
2023-12-07,0.0287206266318542
2023-12-08,0.0287206266318542
2023-12-09,0.0287206266318542
2023-12-10,0.0287206266318542
2023-12-11,0.0287206266318542
2023-12-12,0.0287206266318542
2023-12-13,0.0287206266318542
2023-12-14,0.0287206266318542
2023-12-15,0.0287206266318542
2023-12-16,0.0287206266318542
2023-12-17,0.0287206266318542
2023-12-18,0.0287206266318542
2023-12-19,0.0287206266318542
2023-12-20,0.0287206266318542
2023-12-21,0.0287206266318542
2023-12-22,0.0287206266318542
2023-12-23,0.0287206266318542
2023-12-24,0.0287206266318542
2023-12-25,0.0287206266318542
2023-12-26,0.0287206266318542
2023-12-27,0.0287206266318542
2023-12-28,0.0287206266318542
2023-12-29,0.0287206266318542
2023-12-30,0.0304532492690503
2023-12-31,0.0339184945434423
2024-01-01,0.0391163624550305
2024-01-02,0.0460468530038146
2024-01-03,0.0547099661897948
2024-01-04,0.0651057020129711
2024-01-05,0.0772340604733433
2024-01-06,0.0893624189337156
2024-01-07,0.1014907773940879
2024-01-08,0.1136191358544602
2024-01-09,0.1257474943148324
2024-01-10,0.1378758527752047
2024-01-11,0.150004211235577
2024-01-12,0.1621325696959493
2024-01-13,0.1742609281563216
2024-01-14,0.1863892866166938
2024-01-15,0.1985176450770661
2024-01-16,0.2106460035374384
2024-01-17,0.2227743619978107
2024-01-18,0.2349027204581829
2024-01-19,0.2470310789185552
2024-01-20,0.2591594373789275
2024-01-21,0.2712877958392998
2024-01-22,0.2834161542996721
2024-01-23,0.2955445127600443
2024-01-24,0.3076728712204166
2024-01-25,0.3198012296807889
2024-01-26,0.3319295881411612
2024-01-27,0.3440579466015334
2024-01-28,0.3561863050619057
2024-01-29,0.368314663522278
2024-01-30,0.3793534944334939
2024-01-31,0.3893027977955535
2024-02-01,0.3981625736084569
2024-02-02,0.4059328218722038
2024-02-03,0.4126135425867945
2024-02-04,0.4182047357522289
2024-02-05,0.4227064013685069
2024-02-06,0.427208066984785
2024-02-07,0.431709732601063
2024-02-08,0.436211398217341
2024-02-09,0.440713063833619
2024-02-10,0.445214729449897
2024-02-11,0.449716395066175
2024-02-12,0.4542180606824531
2024-02-13,0.4587197262987311
2024-02-14,0.4632213919150091
2024-02-15,0.4677230575312871
2024-02-16,0.4722247231475652
2024-02-17,0.4767263887638431
2024-02-18,0.4812280543801212
2024-02-19,0.4857297199963992
2024-02-20,0.4902313856126772
2024-02-21,0.4947330512289553
2024-02-22,0.4992347168452333
2024-02-23,0.5037363824615113
2024-02-24,0.5082380480777894
2024-02-25,0.5127397136940673
2024-02-26,0.5172413793103454
2024-02-27,0.5217430449266234
2024-02-28,0.5250722029823852
2024-02-29,0.5272288534776306
2024-03-01,0.5282129964123597
2024-03-02,0.5280246317865727
2024-03-03,0.5266637596002692
2024-03-04,0.5241303798534496
2024-03-05,0.5204244925461136
2024-03-06,0.5167186052387776
2024-03-07,0.5130127179314417
2024-03-08,0.5093068306241056
2024-03-09,0.5056009433167696
2024-03-10,0.5018950560094336
2024-03-11,0.4981891687020977
2024-03-12,0.4944832813947618
2024-03-13,0.4907773940874257
2024-03-14,0.4870715067800897
2024-03-15,0.4833656194727538
2024-03-16,0.4796597321654178
2024-03-17,0.4759538448580819
2024-03-18,0.4722479575507458
2024-03-19,0.4685420702434099
2024-03-20,0.4648361829360739
2024-03-21,0.4611302956287379
2024-03-22,0.4574244083214019
2024-03-23,0.453718521014066
2024-03-24,0.45001263370673
2024-03-25,0.446306746399394
2024-03-26,0.442600859092058
2024-03-27,0.4388949717847221
2024-03-28,0.4351890844773861
2024-03-29,0.4314831971700501
2024-03-30,0.4262925485194503
2024-03-31,0.4196171385255867
2024-04-01,0.4114569671884592
2024-04-02,0.4018120345080679
2024-04-03,0.3906823404844127
2024-04-04,0.3780678851174938
2024-04-05,0.363968668407311
2024-04-06,0.3498694516971282
2024-04-07,0.3357702349869455
2024-04-08,0.3216710182767627
2024-04-09,0.3075718015665799
2024-04-10,0.2934725848563971
2024-04-11,0.2793733681462143
2024-04-12,0.2652741514360315
2024-04-13,0.2511749347258488
2024-04-14,0.2370757180156659
2024-04-15,0.2229765013054832
2024-04-16,0.2088772845953004
2024-04-17,0.1947780678851176
2024-04-18,0.1806788511749348
2024-04-19,0.166579634464752
2024-04-20,0.1524804177545692
2024-04-21,0.1383812010443864
2024-04-22,0.1242819843342036
2024-04-23,0.1101827676240208
2024-04-24,0.0960835509138381
2024-04-25,0.0819843342036553
2024-04-26,0.0678851174934725
2024-04-27,0.0537859007832897
2024-04-28,0.0396866840731069
2024-04-29,0.0276016411786645
2024-04-30,0.0175307720999625
2024-05-01,0.0094740768370009
2024-05-02,0.0034315553897798
2024-05-03,-0.0005967922417009
2024-05-04,-0.0026109660574413
2024-05-05,-0.0026109660574413
2024-05-06,-0.0026109660574413
2024-05-07,-0.0026109660574413
2024-05-08,-0.0026109660574413
2024-05-09,-0.0026109660574413
2024-05-10,-0.0026109660574413
2024-05-11,-0.0026109660574413
2024-05-12,-0.0026109660574413
2024-05-13,-0.0026109660574413
2024-05-14,-0.0026109660574413
2024-05-15,-0.0026109660574413
2024-05-16,-0.0026109660574413
2024-05-17,-0.0026109660574413
2024-05-18,-0.0026109660574413
2024-05-19,-0.0026109660574413
2024-05-20,-0.0026109660574413
2024-05-21,-0.0026109660574413
2024-05-22,-0.0026109660574413
2024-05-23,-0.0026109660574413
2024-05-24,-0.0026109660574413
2024-05-25,-0.0026109660574413
2024-05-26,-0.0026109660574413
2024-05-27,-0.0026109660574413
2024-05-28,-0.0026109660574413
2024-05-29,-0.0026109660574413
2024-05-30,-0.0032823573293548
2024-05-31,-0.0046251398731817
2024-06-01,-0.0066393136889221
2024-06-02,-0.009324878776576
2024-06-03,-0.0126818351361433
2024-06-04,-0.0167101827676241
2024-06-05,-0.0214099216710183
2024-06-06,-0.0261096605744125
2024-06-07,-0.0308093994778068
2024-06-08,-0.035509138381201
2024-06-09,-0.0402088772845953
2024-06-10,-0.0449086161879895
2024-06-11,-0.0496083550913837
2024-06-12,-0.054308093994778
2024-06-13,-0.0590078328981722
2024-06-14,-0.0637075718015665
2024-06-15,-0.0684073107049607
2024-06-16,-0.073107049608355
2024-06-17,-0.0778067885117492
2024-06-18,-0.0825065274151435
2024-06-19,-0.0872062663185377
2024-06-20,-0.091906005221932
2024-06-21,-0.0966057441253262
2024-06-22,-0.1013054830287204
2024-06-23,-0.1060052219321147
2024-06-24,-0.1107049608355089
2024-06-25,-0.1154046997389032
2024-06-26,-0.1201044386422974
2024-06-27,-0.1248041775456916
2024-06-28,-0.1295039164490859
2024-06-29,-0.1331713010311508
2024-06-30,-0.1358063312918865
2024-07-01,-0.1374090072312928
2024-07-02,-0.1379793288493698
2024-07-03,-0.1375172961461175
2024-07-04,-0.1360229091215359
2024-07-05,-0.133496167775625
2024-07-06,-0.1309694264297141
2024-07-07,-0.1284426850838032
2024-07-08,-0.1259159437378924
2024-07-09,-0.1233892023919814
2024-07-10,-0.1208624610460705
2024-07-11,-0.1183357197001597
2024-07-12,-0.1158089783542487
2024-07-13,-0.1132822370083378
2024-07-14,-0.110755495662427
2024-07-15,-0.1082287543165161
2024-07-16,-0.1057020129706052
2024-07-17,-0.1031752716246943
2024-07-18,-0.1006485302787834
2024-07-19,-0.0981217889328725
2024-07-20,-0.0955950475869616
2024-07-21,-0.0930683062410507
2024-07-22,-0.0905415648951398
2024-07-23,-0.0880148235492289
2024-07-24,-0.085488082203318
2024-07-25,-0.0829613408574071
2024-07-26,-0.0804345995114962
2024-07-27,-0.0779078581655853
2024-07-28,-0.0753811168196744
2024-07-29,-0.0728543754737635
2024-07-30,-0.0706885971772685
2024-07-31,-0.0688837819301893
2024-08-01,-0.0674399297325259
2024-08-02,-0.0663570405842784
2024-08-03,-0.0656351144854467
2024-08-04,-0.0652741514360308
2024-08-05,-0.0652741514360308
2024-08-06,-0.0652741514360308
2024-08-07,-0.0652741514360308
2024-08-08,-0.0652741514360308
2024-08-09,-0.0652741514360308
2024-08-10,-0.0652741514360308
2024-08-11,-0.0652741514360308
2024-08-12,-0.0652741514360308
2024-08-13,-0.0652741514360308
2024-08-14,-0.0652741514360308
2024-08-15,-0.0652741514360308
2024-08-16,-0.0652741514360308
2024-08-17,-0.0652741514360308
2024-08-18,-0.0652741514360308
2024-08-19,-0.0652741514360308
2024-08-20,-0.0652741514360308
2024-08-21,-0.0652741514360308
2024-08-22,-0.0652741514360308
2024-08-23,-0.0652741514360308
2024-08-24,-0.0652741514360308
2024-08-25,-0.0652741514360308
2024-08-26,-0.0652741514360308
2024-08-27,-0.0652741514360308
2024-08-28,-0.0652741514360308
2024-08-29,-0.0652741514360308
2024-08-30,-0.0646276265075216
2024-08-31,-0.0633345766505031
2024-09-01,-0.0613950018649753
2024-09-02,-0.0588089021509382
2024-09-03,-0.0555762775083919
2024-09-04,-0.0516971279373363
2024-09-05,-0.0471714534377715
2024-09-06,-0.0426457789382067
2024-09-07,-0.0381201044386418
2024-09-08,-0.033594429939077
2024-09-09,-0.0290687554395122
2024-09-10,-0.0245430809399473
2024-09-11,-0.0200174064403825
2024-09-12,-0.0154917319408177
2024-09-13,-0.0109660574412529
2024-09-14,-0.006440382941688
2024-09-15,-0.0019147084421232
2024-09-16,0.0026109660574415
2024-09-17,0.0071366405570064
2024-09-18,0.0116623150565712
2024-09-19,0.016187989556136
2024-09-20,0.0207136640557009
2024-09-21,0.0252393385552657
2024-09-22,0.0297650130548305
2024-09-23,0.0342906875543954
2024-09-24,0.0388163620539602
2024-09-25,0.043342036553525
2024-09-26,0.0478677110530899
2024-09-27,0.0523933855526547
2024-09-28,0.0569190600522195
2024-09-29,0.0611110442661022
2024-09-30,0.0649693381943026
2024-10-01,0.0684939418368208
2024-10-02,0.0716848551936569
2024-10-03,0.0745420782648107
2024-10-04,0.0770656110502823
2024-10-05,0.0792554535500718
2024-10-06,0.0814452960498612
2024-10-07,0.0836351385496506
2024-10-08,0.08582498104944
2024-10-09,0.0880148235492295
2024-10-10,0.0902046660490189
2024-10-11,0.0923945085488083
2024-10-12,0.0945843510485977
2024-10-13,0.0967741935483872
2024-10-14,0.0989640360481766
2024-10-15,0.101153878547966
2024-10-16,0.1033437210477555
2024-10-17,0.1055335635475449
2024-10-18,0.1077234060473343
2024-10-19,0.1099132485471237
2024-10-20,0.1121030910469132
2024-10-21,0.1142929335467026
2024-10-22,0.116482776046492
2024-10-23,0.1186726185462815
2024-10-24,0.1208624610460709
2024-10-25,0.1230523035458603
2024-10-26,0.1252421460456498
2024-10-27,0.1274319885454392
2024-10-28,0.1296218310452286
2024-10-29,0.131811673545018
2024-10-30,0.1336886814019804
2024-10-31,0.1352528546161157
2024-11-01,0.1365041931874239
2024-11-02,0.1374426971159051
2024-11-03,0.1380683664015592
2024-11-04,0.1383812010443863
2024-11-05,0.1383812010443863
2024-11-06,0.1383812010443863
2024-11-07,0.1383812010443863
2024-11-08,0.1383812010443863
2024-11-09,0.1383812010443863
2024-11-10,0.1383812010443863
2024-11-11,0.1383812010443863
2024-11-12,0.1383812010443863
2024-11-13,0.1383812010443863
2024-11-14,0.1383812010443863
2024-11-15,0.1383812010443863
2024-11-16,0.1383812010443863
2024-11-17,0.1383812010443863
2024-11-18,0.1383812010443863
2024-11-19,0.1383812010443863
2024-11-20,0.1383812010443863
2024-11-21,0.1383812010443863
2024-11-22,0.1383812010443863
2024-11-23,0.1383812010443863
2024-11-24,0.1383812010443863
2024-11-25,0.1383812010443863
2024-11-26,0.1383812010443863
2024-11-27,0.1383812010443863
2024-11-28,0.1383812010443863
2024-11-29,0.1383812010443863
2024-11-30,0.1383812010443863
2024-12-01,0.1383812010443863
2024-12-02,0.1383812010443863
2024-12-03,0.1383812010443863
2024-12-04,0.1383812010443863
2024-12-05,0.1383812010443863
2024-12-06,0.1383812010443863
2024-12-07,0.1383812010443863
2024-12-08,0.1383812010443863
2024-12-09,0.1383812010443863
2024-12-10,0.1383812010443863
2024-12-11,0.1383812010443863
2024-12-12,0.1383812010443863
2024-12-13,0.1383812010443863
2024-12-14,0.1383812010443863
2024-12-15,0.1383812010443863
2024-12-16,0.1383812010443863
2024-12-17,0.1383812010443863
2024-12-18,0.1383812010443863
2024-12-19,0.1383812010443863
2024-12-20,0.1383812010443863
2024-12-21,0.1383812010443863
2024-12-22,0.1383812010443863
2024-12-23,0.1383812010443863
2024-12-24,0.1383812010443863
2024-12-25,0.1383812010443863
2024-12-26,0.1383812010443863
2024-12-27,0.1383812010443863
2024-12-28,0.1383812010443863
2024-12-29,0.1383812010443863
2024-12-30,0.1383812010443863
2024-12-31,0.1383812010443863
