Date,Score,Sentiment,Open,Close,Volume,Percent_Diff
2024-01-01,0.0,Neutral,NaN,NaN,NaN,NaN
2024-01-02,0.0,Neutral,187.14999389648438,185.63999938964844,82488700.0,-0.8068365247562548
2024-01-03,-0.962486982345581,Negative,184.22000122070312,184.25,58414500.0,0.016284214036528657
2024-01-04,NaN,NaN,182.14999389648438,181.91000366210938,71983600.0,-0.13175418194709693
2024-01-05,0.0,Neutral,181.99000549316406,181.17999267578125,62303300.0,-0.4450864294375981
2024-01-06,0.0,Neutral,NaN,NaN,NaN,NaN
2024-01-07,-0.7857912182807922,Negative,NaN,NaN,NaN,NaN
2024-01-08,0.0,Neutral,182.08999633789062,185.55999755859375,59144500.0,1.9056517603878176
2024-01-09,0.0,Neutral,183.9199981689453,185.13999938964844,42841800.0,0.6633325537457084
2024-01-10,0.0,Neutral,184.35000610351562,186.19000244140625,46792900.0,0.9980994179395016
2024-01-11,-0.8526033163070679,Negative,186.5399932861328,185.58999633789062,49128400.0,-0.509272532665417
2024-01-12,0.0,Neutral,186.05999755859375,185.9199981689453,40444700.0,-0.07524421771764728
2024-01-13,0.0,Neutral,NaN,NaN,NaN,NaN
2024-01-14,0.0,Neutral,NaN,NaN,NaN,NaN
2024-01-15,0.0,Neutral,NaN,NaN,NaN,NaN
2024-01-16,NaN,NaN,182.16000366210938,183.6300048828125,65603000.0,0.8069835261037032
2024-01-17,0.0,Neutral,181.27000427246094,182.67999267578125,47317400.0,0.7778387874923893
2024-01-18,0.0,Neutral,186.08999633789062,188.6300048828125,78005800.0,1.3649355660741083
2024-01-19,0.0,Neutral,189.3300018310547,191.55999755859375,68741000.0,1.1778353699742528
2024-01-20,0.0,Neutral,NaN,NaN,NaN,NaN
2024-01-21,0.0,Neutral,NaN,NaN,NaN,NaN
2024-01-22,-0.8394467234611511,Negative,192.3000030517578,193.88999938964844,60133900.0,0.8268311558282582
2024-01-23,0.0,Neutral,195.02000427246094,195.17999267578125,42355600.0,0.08203691919562978
2024-01-24,0.0,Neutral,195.4199981689453,194.5,53631300.0,-0.47077994962928604
2024-01-25,-0.765996515750885,Negative,195.22000122070312,194.1699981689453,54822100.0,-0.5378562878763364
2024-01-26,0.0,Neutral,194.27000427246094,192.4199981689453,44594000.0,-0.9522860260614487
2024-01-27,0.0,Neutral,NaN,NaN,NaN,NaN
2024-01-28,0.0,Neutral,NaN,NaN,NaN,NaN
2024-01-29,0.0,Neutral,192.00999450683594,191.72999572753906,47145600.0,-0.1458251066649067
2024-01-30,0.0,Neutral,190.94000244140625,188.0399932861328,55859400.0,-1.5188064932403902
2024-01-31,0.0,Neutral,187.0399932861328,184.39999389648438,55467800.0,-1.411462513051837
2024-02-01,0.0,Neutral,183.99000549316406,186.86000061035156,64885400.0,1.5598646836793162
2024-02-02,0.0,Neutral,179.86000061035156,185.85000610351562,102518000.0,3.3303711068815134
2024-02-03,0.0,Neutral,NaN,NaN,NaN,NaN
2024-02-04,0.0,Neutral,NaN,NaN,NaN,NaN
2024-02-05,0.0,Neutral,188.14999389648438,187.67999267578125,69668800.0,-0.24980134783406288
2024-02-06,0.0,Neutral,186.86000061035156,189.3000030517578,43490800.0,1.305791733616788
2024-02-07,0.5382533669471741,Positive,190.63999938964844,189.41000366210938,53439000.0,-0.6451928931373307
2024-02-08,0.0,Neutral,189.38999938964844,188.32000732421875,40962000.0,-0.5649675636928961
2024-02-09,0.0,Neutral,188.64999389648438,188.85000610351562,45155200.0,0.10602290670679813
2024-02-10,0.0,Neutral,NaN,NaN,NaN,NaN
2024-02-11,NaN,NaN,NaN,NaN,NaN,NaN
2024-02-12,0.757807195186615,Positive,188.4199981689453,187.14999389648438,41781900.0,-0.674028385947758
2024-02-13,0.0,Neutral,185.77000427246094,185.0399932861328,56529500.0,-0.3929649402696083
2024-02-14,0.0,Neutral,185.32000732421875,184.14999389648438,54630500.0,-0.631347604949868
2024-02-15,-0.7292577624320984,Negative,183.5500030517578,183.86000061035156,65434500.0,0.1688899773574704
2024-02-16,0.0,Neutral,183.4199981689453,182.30999755859375,49701400.0,-0.6051688046191988
2024-02-17,0.0,Neutral,NaN,NaN,NaN,NaN
2024-02-18,0.0,Neutral,NaN,NaN,NaN,NaN
2024-02-19,0.0,Neutral,NaN,NaN,NaN,NaN
2024-02-20,0.0,Neutral,181.7899932861328,181.55999755859375,53665600.0,-0.12651726499436913
2024-02-21,0.0,Neutral,181.94000244140625,182.32000732421875,41529700.0,0.2088627447033703
2024-02-22,0.0,Neutral,183.47999572753906,184.3699951171875,52292200.0,0.4850661709029323
2024-02-23,0.0,Neutral,185.00999450683594,182.52000427246094,45119700.0,-1.3458679575729608
2024-02-24,0.0,Neutral,NaN,NaN,NaN,NaN
2024-02-25,0.0,Neutral,NaN,NaN,NaN,NaN
2024-02-26,0.0,Neutral,182.24000549316406,181.16000366210938,40867400.0,-0.5926260966312356
2024-02-27,0.0,Neutral,181.10000610351562,182.6300048828125,54318900.0,0.8448364040486764
2024-02-28,0.0,Neutral,182.50999450683594,181.4199981689453,48953900.0,-0.5972255606252834
2024-02-29,0.0,Neutral,181.27000427246094,180.75,136682600.0,-0.2868672478648681
2024-03-01,0.773000955581665,Positive,179.5500030517578,179.66000366210938,73488000.0,0.06126461068332774
2024-03-02,0.0,Neutral,NaN,NaN,NaN,NaN
2024-03-03,0.0,Neutral,NaN,NaN,NaN,NaN
2024-03-04,0.0,Neutral,176.14999389648438,175.10000610351562,81510100.0,-0.5960759746524782
2024-03-05,-0.5157607793807983,Negative,170.75999450683594,170.1199951171875,95132400.0,-0.3747946885901409
2024-03-06,0.0,Neutral,171.05999755859375,169.1199951171875,68587700.0,-1.1341064358087194
2024-03-07,0.0,Neutral,169.14999389648438,169.0,71765100.0,-0.08867508241009313
2024-03-08,0.0,Neutral,169.0,170.72999572753906,76114600.0,1.0236661109698595
2024-03-09,0.0,Neutral,NaN,NaN,NaN,NaN
2024-03-10,0.0,Neutral,NaN,NaN,NaN,NaN
2024-03-11,0.0,Neutral,172.94000244140625,172.75,60139500.0,-0.10986610311320233
2024-03-12,0.0,Neutral,173.14999389648438,173.22999572753906,59825400.0,0.04620377353435867
2024-03-13,0.0,Neutral,172.77000427246094,171.1300048828125,52488700.0,-0.9492384957415023
2024-03-14,0.0,Neutral,172.91000366210938,173.0,72913500.0,0.052048080495383356
2024-03-15,0.0,Neutral,171.1699981689453,172.6199951171875,121664700.0,0.8471092853614662
2024-03-16,0.0,Neutral,NaN,NaN,NaN,NaN
2024-03-17,0.0,Neutral,NaN,NaN,NaN,NaN
2024-03-18,-0.9640437960624695,Negative,175.57000732421875,173.72000122070312,75604200.0,-1.0537142030752928
2024-03-19,0.0,Neutral,174.33999633789062,176.0800018310547,55215200.0,0.9980529595697221
2024-03-20,0.0,Neutral,175.72000122070312,178.6699981689453,53423100.0,1.6788054448833127
2024-03-21,-0.9556031227111816,Negative,177.0500030517578,171.3699951171875,106181300.0,-3.2081377219235914
2024-03-22,0.0,Neutral,171.75999450683594,172.27999877929688,71106600.0,0.30275051763595723
2024-03-23,0.0,Neutral,NaN,NaN,NaN,NaN
2024-03-24,-0.9036838412284851,Negative,NaN,NaN,NaN,NaN
2024-03-25,0.0,Neutral,170.57000732421875,170.85000610351562,54288300.0,0.16415475597925872
2024-03-26,0.0,Neutral,170.0,169.7100067138672,57388400.0,-0.17058428596047795
2024-03-27,0.0,Neutral,170.41000366210938,173.30999755859375,60273300.0,1.7017744464312736
2024-03-28,0.0,Neutral,171.75,171.47999572753906,65672700.0,-0.15720772777929404
2024-03-29,0.0,Neutral,NaN,NaN,NaN,NaN
2024-03-30,0.0,Neutral,NaN,NaN,NaN,NaN
2024-03-31,0.0,Neutral,NaN,NaN,NaN,NaN
2024-04-01,0.0,Neutral,171.19000244140625,170.02999877929688,46240500.0,-0.6776118030060857
2024-04-02,0.0,Neutral,169.0800018310547,168.83999633789062,49329500.0,-0.14194788890756982
2024-04-03,0.0,Neutral,168.7899932861328,169.64999389648438,47691700.0,0.5095092390303549
2024-04-04,0.0,Neutral,170.2899932861328,168.82000732421875,53704400.0,-0.8632250982851895
2024-04-05,0.0,Neutral,169.58999633789062,169.5800018310547,42055200.0,-0.005893335132824977
2024-04-06,-0.8093047738075256,Negative,NaN,NaN,NaN,NaN
2024-04-07,0.0,Neutral,NaN,NaN,NaN,NaN
2024-04-08,0.0,Neutral,169.02999877929688,168.4499969482422,37425500.0,-0.34313544059832723
2024-04-09,-0.9083080291748047,Negative,168.6999969482422,169.6699981689453,42451200.0,0.5749859147897466
2024-04-10,0.0,Neutral,168.8000030517578,167.77999877929688,49709300.0,-0.6042679229977156
2024-04-11,0.0,Neutral,168.33999633789062,175.0399932861328,91070300.0,3.980038668168918
2024-04-12,0.0,Neutral,174.25999450683594,176.5500030517578,101593300.0,1.3141332589862107
2024-04-13,0.0,Neutral,NaN,NaN,NaN,NaN
2024-04-14,NaN,NaN,NaN,NaN,NaN,NaN
2024-04-15,0.0,Neutral,175.36000061035156,172.69000244140625,73531800.0,-1.522581067319922
2024-04-16,0.0,Neutral,171.75,169.3800048828125,73711200.0,-1.3799098207787484
2024-04-17,0.0,Neutral,169.61000061035156,168.0,50901200.0,-0.9492368401378931
2024-04-18,0.0,Neutral,168.02999877929688,167.0399932861328,43122900.0,-0.5891837769185546
2024-04-19,-0.624399721622467,Negative,166.2100067138672,165.0,67772100.0,-0.7279987154745928
2024-04-20,0.0,Neutral,NaN,NaN,NaN,NaN
2024-04-21,0.0,Neutral,NaN,NaN,NaN,NaN
2024-04-22,-0.5990206599235535,Negative,165.52000427246094,165.83999633789062,48116400.0,0.19332531245163065
2024-04-23,-0.9298517107963562,Negative,165.35000610351562,166.89999389648438,49537800.0,0.9373980863347514
2024-04-24,0.0,Neutral,166.5399932861328,169.02000427246094,48251800.0,1.4891383969658336
2024-04-25,0.0,Neutral,169.52999877929688,169.88999938964844,50558300.0,0.2123521576970164
2024-04-26,0.0,Neutral,169.8800048828125,169.3000030517578,44838400.0,-0.3414185391946435
2024-04-27,0.0,Neutral,NaN,NaN,NaN,NaN
2024-04-28,NaN,NaN,NaN,NaN,NaN,NaN
2024-04-29,0.0,Neutral,173.3699951171875,173.5,68169400.0,0.07498695649418728
2024-04-30,0.0,Neutral,173.3300018310547,170.3300018310547,65934800.0,-1.730802497148826
2024-05-01,0.0,Neutral,169.5800018310547,169.3000030517578,50383100.0,-0.16511308896896099
2024-05-02,0.0,Neutral,172.50999450683594,173.02999877929688,94214900.0,0.30143428729883337
2024-05-03,0.0,Neutral,186.64999389648438,183.3800048828125,163224100.0,-1.7519363089212865
2024-05-04,0.0,Neutral,NaN,NaN,NaN,NaN
2024-05-05,0.0,Neutral,NaN,NaN,NaN,NaN
2024-05-06,0.0,Neutral,182.35000610351562,181.7100067138672,78569700.0,-0.35097305633492853
2024-05-07,0.0,Neutral,183.4499969482422,182.39999389648438,77305800.0,-0.5723647147587885
2024-05-08,-0.4794095754623413,Negative,182.85000610351562,182.74000549316406,45057100.0,-0.060158931736260704
2024-05-09,0.0,Neutral,182.55999755859375,184.57000732421875,48983000.0,1.1010132518104767
2024-05-10,0.0,Neutral,184.89999389648438,183.0500030517578,50759500.0,-1.0005359144372248
2024-05-11,0.0,Neutral,NaN,NaN,NaN,NaN
2024-05-12,0.0,Neutral,NaN,NaN,NaN,NaN
2024-05-13,0.0,Neutral,185.44000244140625,186.27999877929688,72044800.0,0.4529747232698834
2024-05-14,-0.765317440032959,Negative,187.50999450683594,187.42999267578125,52393600.0,-0.042665368992782365
2024-05-15,0.0,Neutral,187.91000366210938,189.72000122070312,70400000.0,0.9632257587778028
2024-05-16,0.0,Neutral,190.47000122070312,189.83999633789062,52845200.0,-0.3307633111644154
2024-05-17,0.0,Neutral,189.50999450683594,189.8699951171875,41282900.0,0.18996391788643985
2024-05-18,0.0,Neutral,NaN,NaN,NaN,NaN
2024-05-19,0.0,Neutral,NaN,NaN,NaN,NaN
2024-05-20,-0.7233681678771973,Negative,189.3300018310547,191.0399932861328,44361300.0,0.9031803932500915
2024-05-21,0.0,Neutral,191.08999633789062,192.35000610351562,42309400.0,0.6593802866566683
2024-05-22,0.0,Neutral,192.27000427246094,190.89999389648438,34648500.0,-0.712545038504891
2024-05-23,0.9471827745437622,Positive,190.97999572753906,186.8800048828125,51005900.0,-2.1468169109061033
2024-05-24,0.0,Neutral,188.82000732421875,189.97999572753906,36294600.0,0.6143355356027084
2024-05-25,0.0,Neutral,NaN,NaN,NaN,NaN
2024-05-26,0.0,Neutral,NaN,NaN,NaN,NaN
2024-05-27,0.0,Neutral,NaN,NaN,NaN,NaN
2024-05-28,0.0,Neutral,191.50999450683594,189.99000549316406,52280100.0,-0.7936865214716609
2024-05-29,-0.6873457431793213,Negative,189.61000061035156,190.2899932861328,53068000.0,0.35862700996380176
2024-05-30,0.0,Neutral,190.75999450683594,191.2899932861328,49947900.0,0.2778353924086962
2024-05-31,0.0,Neutral,191.44000244140625,192.25,75158300.0,0.4231077874341673
2024-06-01,0.0,Neutral,NaN,NaN,NaN,NaN
2024-06-02,0.0,Neutral,NaN,NaN,NaN,NaN
2024-06-03,0.0,Neutral,192.89999389648438,194.02999877929688,50080500.0,0.5857982988941373
2024-06-04,0.0,Neutral,194.63999938964844,194.35000610351562,47471400.0,-0.14898956383177797
2024-06-05,0.8783590197563171,Positive,195.39999389648438,195.8699951171875,54156800.0,0.24053287378919477
2024-06-06,0.0,Neutral,195.69000244140625,194.47999572753906,41181800.0,-0.618328324784752
2024-06-07,-0.764732301235199,Negative,194.64999389648438,196.88999938964844,53103900.0,1.1507863156447393
2024-06-08,0.0,Neutral,NaN,NaN,NaN,NaN
2024-06-09,0.0,Neutral,NaN,NaN,NaN,NaN
2024-06-10,0.0,Neutral,196.89999389648438,193.1199951171875,97262100.0,-1.9197556609799196
2024-06-11,0.0,Neutral,193.64999389648438,207.14999389648438,172373300.0,6.971340266200281
2024-06-12,0.0,Neutral,207.3699951171875,213.07000732421875,198134300.0,2.748715986519698
2024-06-13,0.0,Neutral,214.74000549316406,214.24000549316406,97862700.0,-0.23283970718530914
2024-06-14,0.0,Neutral,213.85000610351562,212.49000549316406,70122700.0,-0.6359600521560166
2024-06-15,0.0,Neutral,NaN,NaN,NaN,NaN
2024-06-16,NaN,NaN,NaN,NaN,NaN,NaN
2024-06-17,0.0,Neutral,213.3699951171875,216.6699981689453,93728300.0,1.5466106422064536
2024-06-18,0.9385804533958435,Positive,217.58999633789062,214.2899932861328,79943300.0,-1.5166152430249191
2024-06-19,-0.8620026111602783,Negative,NaN,NaN,NaN,NaN
2024-06-20,0.0,Neutral,213.92999267578125,209.67999267578125,86172500.0,-1.9866312090427785
2024-06-21,0.0,Neutral,210.38999938964844,207.49000549316406,246421400.0,-1.3783896121000985
2024-06-22,0.0,Neutral,NaN,NaN,NaN,NaN
2024-06-23,0.0,Neutral,NaN,NaN,NaN,NaN
2024-06-24,0.0,Neutral,207.72000122070312,208.13999938964844,80727000.0,0.20219438016422075
2024-06-25,0.0,Neutral,209.14999389648438,209.07000732421875,56713900.0,-0.03824364073623313
2024-06-26,0.8662480711936951,Positive,211.5,213.25,66213200.0,0.8274231678486997
2024-06-27,0.0,Neutral,214.69000244140625,214.10000610351562,49772700.0,-0.27481314042634486
2024-06-28,0.0,Neutral,215.77000427246094,210.6199951171875,82542700.0,-2.3868049558780777
2024-06-29,0.0,Neutral,NaN,NaN,NaN,NaN
2024-06-30,0.0,Neutral,NaN,NaN,NaN,NaN
2024-07-01,0.0,Neutral,212.08999633789062,216.75,60402900.0,2.1971822068803766
2024-07-02,-0.6845806837081909,Negative,216.14999389648438,220.27000427246094,58046200.0,1.9060885923270772
2024-07-03,-0.7651357054710388,Negative,220.0,221.5500030517578,37369800.0,0.7045468417080967
2024-07-04,0.0,Neutral,NaN,NaN,NaN,NaN
2024-07-05,0.0,Neutral,221.64999389648438,226.33999633789062,60412400.0,2.115949727296897
2024-07-06,0.0,Neutral,NaN,NaN,NaN,NaN
2024-07-07,0.8906285166740417,Positive,NaN,NaN,NaN,NaN
2024-07-08,0.0,Neutral,227.08999633789062,227.82000732421875,59085900.0,0.32146329565390924
2024-07-09,0.9462994933128357,Positive,227.92999267578125,228.67999267578125,48076100.0,0.3290484026237111
2024-07-10,0.0,Neutral,229.3000030517578,232.97999572753906,62627700.0,1.6048812153528835
2024-07-11,0.0,Neutral,231.38999938964844,227.57000732421875,64710600.0,-1.6508890079544987
2024-07-12,0.0,Neutral,228.9199981689453,230.5399932861328,53046500.0,0.7076686747096368
2024-07-13,0.0,Neutral,NaN,NaN,NaN,NaN
2024-07-14,0.0,Neutral,NaN,NaN,NaN,NaN
2024-07-15,0.0,Neutral,236.47999572753906,234.39999389648438,62631300.0,-0.8795677725955164
2024-07-16,0.0,Neutral,235.0,234.82000732421875,43234300.0,-0.07659262799202128
2024-07-17,0.0,Neutral,229.4499969482422,228.8800048828125,57345900.0,-0.24841668032720113
2024-07-18,0.0,Neutral,230.27999877929688,224.17999267578125,66034600.0,-2.648951769954604
2024-07-19,0.0,Neutral,224.82000732421875,224.30999755859375,49151500.0,-0.2268524815451597
2024-07-20,0.0,Neutral,NaN,NaN,NaN,NaN
2024-07-21,0.0,Neutral,NaN,NaN,NaN,NaN
2024-07-22,0.0,Neutral,227.00999450683594,223.9600067138672,48201800.0,-1.3435478026395469
2024-07-23,0.0,Neutral,224.3699951171875,225.00999450683594,39960300.0,0.2852428593734953
2024-07-24,0.0,Neutral,224.0,218.5399932861328,61777600.0,-2.437502997262137
2024-07-25,0.0,Neutral,218.92999267578125,217.49000549316406,51391200.0,-0.6577386519852945
2024-07-26,0.0,Neutral,218.6999969482422,217.9600067138672,41601300.0,-0.3383585938275651
2024-07-27,0.0,Neutral,NaN,NaN,NaN,NaN
2024-07-28,0.0,Neutral,NaN,NaN,NaN,NaN
2024-07-29,0.0,Neutral,216.9600067138672,218.24000549316406,36311800.0,0.5899699205784836
2024-07-30,0.0,Neutral,219.19000244140625,218.8000030517578,41643800.0,-0.17792754473493466
2024-07-31,-0.9516366124153137,Negative,221.44000244140625,222.0800018310547,50036300.0,0.2890170622255947
2024-08-01,0.0,Neutral,224.3699951171875,218.36000061035156,62501000.0,-2.6786088325655766
2024-08-02,0.0,Neutral,219.14999389648438,219.86000061035156,105568600.0,0.3239820824282384
2024-08-03,-0.9337670207023621,Negative,NaN,NaN,NaN,NaN
2024-08-04,0.0,Neutral,NaN,NaN,NaN,NaN
2024-08-05,-0.5177225470542908,Negative,199.08999633789062,209.27000427246094,119548600.0,5.113269436849581
2024-08-06,0.0,Neutral,205.3000030517578,207.22999572753906,69660500.0,0.9400840950278423
2024-08-07,0.0,Neutral,206.89999389648438,209.82000732421875,63516400.0,1.4113163431001878
2024-08-08,0.5068358182907104,Positive,213.11000061035156,213.30999755859375,47161100.0,0.09384681510459011
2024-08-09,0.9198333621025085,Positive,212.10000610351562,216.24000549316406,42201600.0,1.9519091327267133
2024-08-10,0.0,Neutral,NaN,NaN,NaN,NaN
2024-08-11,0.0,Neutral,NaN,NaN,NaN,NaN
2024-08-12,0.0,Neutral,216.07000732421875,217.52999877929688,38028100.0,0.6757029692174579
2024-08-13,0.0,Neutral,219.00999450683594,221.27000427246094,44155300.0,1.031920835719878
2024-08-14,-0.6367767453193665,Negative,220.57000732421875,221.72000122070312,41960600.0,0.5213736493166924
2024-08-15,0.0,Neutral,224.60000610351562,224.72000122070312,46414000.0,0.05342614155237181
2024-08-16,0.0,Neutral,223.9199981689453,226.0500030517578,44340200.0,0.9512347714496824
2024-08-17,0.0,Neutral,NaN,NaN,NaN,NaN
2024-08-18,0.0,Neutral,NaN,NaN,NaN,NaN
2024-08-19,0.7004069685935974,Positive,225.72000122070312,225.88999938964844,40687800.0,0.07531373738523629
2024-08-20,0.0,Neutral,225.77000427246094,226.50999450683594,30299000.0,0.32776286502700075
2024-08-21,0.0,Neutral,226.52000427246094,226.39999389648438,34765500.0,-0.05298003430735089
2024-08-22,0.0,Neutral,227.7899932861328,224.52999877929688,43695300.0,-1.431140349848896
2024-08-23,-0.6407657861709595,Negative,225.66000366210938,226.83999633789062,38677300.0,0.5229073192554339
2024-08-24,0.0,Neutral,NaN,NaN,NaN,NaN
2024-08-25,0.0,Neutral,NaN,NaN,NaN,NaN
2024-08-26,0.582037627696991,Positive,226.75999450683594,227.17999267578125,30602200.0,0.18521704847397638
2024-08-27,0.0,Neutral,226.0,228.02999877929688,35934600.0,0.8982295483614492
2024-08-28,-0.9705737829208374,Negative,227.9199981689453,226.49000549316406,38052200.0,-0.6274099189493983
2024-08-29,0.0,Neutral,230.10000610351562,229.7899932861328,51906300.0,-0.13472959980859206
2024-08-30,0.0,Neutral,230.19000244140625,229.0,52990800.0,-0.5169653020483196
2024-08-31,0.0,Neutral,NaN,NaN,NaN,NaN
2024-09-01,-0.841009259223938,Negative,NaN,NaN,NaN,NaN
2024-09-02,-0.8404505252838135,Negative,NaN,NaN,NaN,NaN
2024-09-03,0.0,Neutral,228.5500030517578,222.77000427246094,50190600.0,-2.5289865246634573
2024-09-04,0.0,Neutral,221.66000366210938,220.85000610351562,43840200.0,-0.3654234165891657
2024-09-05,-0.9470342993736267,Negative,221.6300048828125,222.3800048828125,36615400.0,0.3384018334505586
2024-09-06,-0.8088617920875549,Negative,223.9499969482422,220.82000732421875,48423000.0,-1.3976287861914192
2024-09-07,-0.7266312837600708,Negative,NaN,NaN,NaN,NaN
2024-09-08,0.0,Neutral,NaN,NaN,NaN,NaN
2024-09-09,-0.9670381546020508,Negative,220.82000732421875,220.91000366210938,67180000.0,0.04075551802626651
2024-09-10,-0.768552303314209,Negative,218.9199981689453,220.11000061035156,51591000.0,0.5435786823312045
2024-09-11,-0.8169289827346802,Negative,221.4600067138672,222.66000366210938,44587100.0,0.5418571804671797
2024-09-12,0.0,Neutral,222.5,222.77000427246094,37498200.0,0.12135023481390449
2024-09-13,0.0,Neutral,223.5800018310547,222.5,36766600.0,-0.48304938823230564
2024-09-14,-0.8422576189041138,Negative,NaN,NaN,NaN,NaN
2024-09-15,-0.9450717568397522,Negative,NaN,NaN,NaN,NaN
2024-09-16,-0.9719464182853699,Negative,216.5399932861328,216.32000732421875,59357400.0,-0.10159137745209784
2024-09-17,-0.8420610427856445,Negative,215.75,216.7899932861328,45519300.0,0.48203628557720163
2024-09-18,-0.8417749404907227,Negative,217.5500030517578,220.69000244140625,59894900.0,1.4433460563553258
2024-09-19,-0.8413557410240173,Negative,224.99000549316406,228.8699951171875,66781300.0,1.7245164359717857
2024-09-20,-0.9602578282356262,Negative,229.97000122070312,228.1999969482422,318679900.0,-0.7696674623062063
2024-09-21,-0.8424962759017944,Negative,NaN,NaN,NaN,NaN
2024-09-22,0.0,Neutral,NaN,NaN,NaN,NaN
2024-09-23,0.0,Neutral,227.33999633789062,226.47000122070312,54146000.0,-0.38268458309220904
2024-09-24,0.0,Neutral,228.64999389648438,227.3699951171875,43556100.0,-0.5598070472183624
2024-09-25,-0.8492588996887207,Negative,224.92999267578125,226.3699951171875,42308700.0,0.6402002793295332
2024-09-26,0.9390117526054382,Positive,227.3000030517578,227.52000427246094,36636700.0,0.09678892113918237
2024-09-27,0.0,Neutral,228.4600067138672,227.7899932861328,34026000.0,-0.2932738370149519
2024-09-28,-0.8425959348678589,Negative,NaN,NaN,NaN,NaN
2024-09-29,-0.8422289490699768,Negative,NaN,NaN,NaN,NaN
2024-09-30,-0.8419012427330017,Negative,230.0399932861328,233.0,54541900.0,1.286735698251136
2024-10-01,0.0,Neutral,229.52000427246094,226.2100067138672,63285000.0,-1.4421390279622357
2024-10-02,-0.8407759070396423,Negative,225.88999938964844,226.77999877929688,32880600.0,0.39399680908991247
2024-10-03,0.0,Neutral,225.13999938964844,225.6699981689453,34044200.0,0.23540853723625063
2024-10-04,0.0,Neutral,227.89999389648438,226.8000030517578,37245100.0,-0.48266383246424965
2024-10-05,0.9486672282218933,Positive,NaN,NaN,NaN,NaN
2024-10-06,0.0,Neutral,NaN,NaN,NaN,NaN
2024-10-07,0.0,Neutral,224.5,221.69000244140625,39505400.0,-1.2516692911330733
2024-10-08,-0.7953023910522461,Negative,224.3000030517578,225.77000427246094,31855700.0,0.6553728045932832
2024-10-09,0.701847493648529,Positive,225.22999572753906,229.5399932861328,33591100.0,1.913598384030322
2024-10-10,0.0,Neutral,227.77999877929688,229.0399932861328,28183500.0,0.5531629263273399
2024-10-11,-0.842429518699646,Negative,229.3000030517578,227.5500030517578,31759200.0,-0.7631923143084252
2024-10-12,-0.8429951071739197,Negative,NaN,NaN,NaN,NaN
2024-10-13,-0.8434746265411377,Negative,NaN,NaN,NaN,NaN
2024-10-14,0.5128355622291565,Positive,228.6999969482422,231.3000030517578,39882100.0,1.1368631999168939
2024-10-15,0.0,Neutral,233.61000061035156,233.85000610351562,64751400.0,0.10273767926758336
2024-10-16,0.0,Neutral,231.60000610351562,231.77999877929688,34082200.0,0.0777170427624258
2024-10-17,0.0,Neutral,233.42999267578125,232.14999389648438,32993800.0,-0.5483437516423643
2024-10-18,0.9484043717384338,Positive,236.17999267578125,235.0,46431500.0,-0.4996158490872249
2024-10-19,-0.8422061204910278,Negative,NaN,NaN,NaN,NaN
2024-10-20,0.0,Neutral,NaN,NaN,NaN,NaN
2024-10-21,-0.8431641459465027,Negative,234.4499969482422,236.47999572753906,36254500.0,0.8658557499341845
2024-10-22,0.0,Neutral,233.88999938964844,235.86000061035156,38846600.0,0.8422768078344414
2024-10-23,-0.49943920969963074,Negative,234.0800018310547,230.75999450683594,52287000.0,-1.4183216414253697
2024-10-24,-0.7585650682449341,Negative,229.97999572753906,230.57000732421875,31109500.0,0.2565490945476334
2024-10-25,0.0,Neutral,229.74000549316406,231.41000366210938,38802300.0,0.726907864984361
2024-10-26,0.0,Neutral,NaN,NaN,NaN,NaN
2024-10-27,-0.8431426882743835,Negative,NaN,NaN,NaN,NaN
2024-10-28,0.9210340976715088,Positive,233.32000732421875,233.39999389648438,36087100.0,0.03428191743302862
2024-10-29,-0.8257383108139038,Negative,233.10000610351562,233.6699981689453,35417200.0,0.24452683419345944
2024-10-30,0.0,Neutral,232.61000061035156,230.10000610351562,47070900.0,-1.0790570053952522
2024-10-31,-0.9704836010932922,Negative,229.33999633789062,225.91000366210938,64370100.0,-1.4955928885286027
2024-11-01,-0.9080055356025696,Negative,220.97000122070312,222.91000366210938,65276700.0,0.8779483326646637
2024-11-02,-0.8413125276565552,Negative,NaN,NaN,NaN,NaN
2024-11-03,-0.8423876166343689,Negative,NaN,NaN,NaN,NaN
2024-11-04,0.0,Neutral,220.99000549316406,222.00999450683594,44944500.0,0.46155436368973096
2024-11-05,-0.8429689407348633,Negative,221.8000030517578,223.4499969482422,28111300.0,0.7439106734815252
2024-11-06,-0.8420099020004272,Negative,222.61000061035156,222.72000122070312,54561100.0,0.04941404701045016
2024-11-07,0.9561193585395813,Positive,224.6300048828125,227.47999572753906,42137700.0,1.2687489572968569
2024-11-08,0.0,Neutral,227.1699981689453,226.9600067138672,38328800.0,-0.09243802296549535
2024-11-09,-0.8432407379150391,Negative,NaN,NaN,NaN,NaN
2024-11-10,-0.8427026867866516,Negative,NaN,NaN,NaN,NaN
2024-11-11,-0.8427623510360718,Negative,225.0,224.22999572753906,42005600.0,-0.34222412109375
2024-11-12,0.0,Neutral,224.5500030517578,224.22999572753906,40398300.0,-0.14251049649061448
2024-11-13,-0.8438481688499451,Negative,224.00999450683594,225.1199951171875,48566200.0,0.4955138777603467
2024-11-14,-0.8434286117553711,Negative,225.02000427246094,228.22000122070312,44923900.0,1.4220944304878493
2024-11-15,-0.8439045548439026,Negative,226.39999389648438,225.0,47923700.0,-0.6183718790754413
2024-11-16,-0.8434411883354187,Negative,NaN,NaN,NaN,NaN
2024-11-17,-0.771803081035614,Negative,NaN,NaN,NaN,NaN
2024-11-18,0.0,Neutral,225.25,228.02000427246094,44686000.0,1.2297466248439235
2024-11-19,-0.8424614667892456,Negative,226.97999572753906,228.27999877929688,36211800.0,0.5727390414256165
2024-11-20,0.0,Neutral,228.05999755859375,229.0,35169600.0,0.4121733102995155
2024-11-21,0.0,Neutral,228.8800048828125,228.52000427246094,42108300.0,-0.15728792497006644
2024-11-22,0.0,Neutral,228.05999755859375,229.8699951171875,38168300.0,0.7936497316363958
2024-11-23,-0.8432029485702515,Negative,NaN,NaN,NaN,NaN
2024-11-24,-0.8418866991996765,Negative,NaN,NaN,NaN,NaN
2024-11-25,0.0,Neutral,231.4600067138672,232.8699951171875,90152800.0,0.6091715036815635
2024-11-26,0.0,Neutral,233.3300018310547,235.05999755859375,45986200.0,0.741437326517353
2024-11-27,0.0,Neutral,234.47000122070312,234.92999267578125,33498400.0,0.19618350009950394
2024-11-28,0.0,Neutral,NaN,NaN,NaN,NaN
2024-11-29,0.0,Neutral,234.80999755859375,237.3300018310547,28481400.0,1.0732099564168274
2024-11-30,0.0,Neutral,NaN,NaN,NaN,NaN
2024-12-01,-0.8410940766334534,Negative,NaN,NaN,NaN,NaN
2024-12-02,-0.8408939838409424,Negative,237.27000427246094,239.58999633789062,48137100.0,0.9777856550150366
2024-12-03,0.6091575026512146,Positive,239.80999755859375,242.64999389648438,38861000.0,1.1842693660829204
2024-12-04,0.0,Neutral,242.8699951171875,243.00999450683594,44383900.0,0.05764375693295758
2024-12-05,0.0,Neutral,243.99000549316406,243.0399932861328,40033900.0,-0.38936521400171314
2024-12-06,-0.8416730165481567,Negative,242.91000366210938,242.83999633789062,36870600.0,-0.028820272184479894
2024-12-07,0.0,Neutral,NaN,NaN,NaN,NaN
2024-12-08,0.0,Neutral,NaN,NaN,NaN,NaN
2024-12-09,0.0,Neutral,241.8300018310547,246.75,44649200.0,2.034486263777346
2024-12-10,-0.9410271644592285,Negative,246.88999938964844,247.77000427246094,36914800.0,0.3564360180598699
2024-12-11,0.7907523512840271,Positive,247.9600067138672,246.49000549316406,45205800.0,-0.5928380306907433
2024-12-12,-0.8427671790122986,Negative,246.88999938964844,247.9600067138672,32777500.0,0.4333943565409612
2024-12-13,-0.6435976624488831,Negative,247.82000732421875,248.1300048828125,33155300.0,0.12508980285364346
2024-12-14,0.0,Neutral,NaN,NaN,NaN,NaN
2024-12-15,0.0,Neutral,NaN,NaN,NaN,NaN
2024-12-16,-0.8430509567260742,Negative,247.99000549316406,251.0399932861328,51694800.0,1.229883352316319
2024-12-17,-0.8027293682098389,Negative,250.0800018310547,253.47999572753906,51356400.0,1.3595624886396522
2024-12-18,0.0,Neutral,252.16000366210938,248.0500030517578,56774100.0,-1.6299177310684456
2024-12-19,-0.8141102194786072,Negative,247.5,249.7899932861328,60882300.0,0.9252498125789141
2024-12-20,0.0,Neutral,248.0399932861328,254.49000549316406,147495300.0,2.6003920261321225
2024-12-21,-0.8430944681167603,Negative,NaN,NaN,NaN,NaN
2024-12-22,-0.8428933620452881,Negative,NaN,NaN,NaN,NaN
2024-12-23,-0.680070161819458,Negative,254.77000427246094,255.27000427246094,40858800.0,0.19625544279744978
2024-12-24,0.0,Neutral,255.49000549316406,258.20001220703125,23234700.0,1.060709482015216
2024-12-25,-0.8432055711746216,Negative,NaN,NaN,NaN,NaN
2024-12-26,0.0,Neutral,258.19000244140625,259.0199890136719,27237100.0,0.3214634820935727
2024-12-27,0.0,Neutral,257.8299865722656,255.58999633789062,42355300.0,-0.8687857700939555
2024-12-28,-0.8430541753768921,Negative,NaN,NaN,NaN,NaN
2024-12-29,-0.8430047035217285,Negative,NaN,NaN,NaN,NaN
2024-12-30,-0.842647910118103,Negative,252.22999572753906,252.1999969482422,35557500.0,-0.011893422592481797
2024-12-31,-0.8433962464332581,Negative,NaN,NaN,NaN,NaN
