Date,Score
2020-01-01,0.24013290557456685
2020-01-02,-0.01336431129726851
2020-01-03,0.17326572413307903
2020-01-04,0.05746736296643294
2020-01-05,0.06766420661080658
2020-01-06,-0.017494510390807676
2020-01-07,-0.025345858720356974
2020-01-08,0.3791730999946594
2020-01-09,0.18021725472054181
2020-01-10,0.12743023147455637
2020-01-11,0.2997629561003535
2020-01-12,0.16467230598972493
2020-01-13,0.2508957542696732
2020-01-14,0.1868254333126739
2020-01-15,0.2522495673071056
2020-01-16,0.1687348186969757
2020-01-17,0.08332589268684387
2020-01-18,0.10391281364431244
2020-01-19,0.06374884743198297
2020-01-20,0.23088692128658295
2020-01-21,0.26506014591318916
2020-01-22,0.22276166995372199
2020-01-23,0.10503826290369034
2020-01-24,0.2774879185596141
2020-01-25,0.25729951440055826
2020-01-26,0.18365316368561022
2020-01-27,0.0
2020-01-28,0.029379484482871275
2020-01-29,0.17081245925557278
2020-01-30,0.3391857442874141
2020-01-31,0.03181648098770844
2020-02-01,0.0
2020-02-02,0.14580861159054143
2020-02-03,0.0
2020-02-04,0.08741377890258911
2020-02-05,0.22889656374649459
2020-02-06,0.11231603251086991
2020-02-07,0.0
2020-02-08,0.09201977130811438
2020-02-09,0.10280373355603843
2020-02-10,0.09643215689029369
2020-02-11,0.1711316712725509
2020-02-12,-0.005003015344710409
2020-02-13,0.022039201160629657
2020-02-14,0.2633673586328532
2020-02-15,0.09226108342409134
2020-02-16,0.06611160648811305
2020-02-17,0.25588551391139913
2020-02-18,0.09264186024665833
2020-02-19,0.09199962764978409
2020-02-20,0.2456611270076936
2020-02-21,-0.024268453557634875
2020-02-22,-0.04044117801850463
2020-02-23,0.0
2020-02-24,-0.022968428995077797
2020-02-25,0.15779719124694486
2020-02-26,0.08837009221315384
2020-02-27,0.15670307427819988
2020-02-28,0.08670130955274712
2020-02-29,-0.0030212608321222925
2020-03-01,0.12133751809597015
2020-03-02,0.2688096346916827
2020-03-03,0.07342186738251005
2020-03-04,0.10844382272421552
2020-03-05,0.04568927127514508
2020-03-06,0.07066161328280604
2020-03-07,0.0
2020-03-08,0.36860322780015337
2020-03-09,0.22135259211063385
2020-03-10,0.14901184566560535
2020-03-11,0.2142654465776709
2020-03-12,0.0447217266145119
2020-03-13,0.0
2020-03-14,0.08881265363068767
2020-03-15,0.041301211874821726
2020-03-16,0.15041449187580783
2020-03-17,0.3038477862558068
2020-03-18,-0.02230624805783205
2020-03-19,0.2572689029375322
2020-03-20,0.0845985731065895
2020-03-21,0.10592086613178253
2020-03-22,-0.046172183937474326
2020-03-23,-0.012399471813601477
2020-03-24,0.0
2020-03-25,0.07704232799372664
2020-03-26,0.0
2020-03-27,0.2172246023957149
2020-03-28,0.2462242071052591
2020-03-29,0.06872587651014328
2020-03-30,0.09222823096022606
2020-03-31,0.07714434788704047
2020-04-01,0.07597369820535248
2020-04-02,0.07066048119778226
2020-04-03,0.11522135883569717
2020-04-04,0.0313794027918763
2020-04-05,0.0646570687501383
2020-04-06,0.0829442050872932
2020-04-07,0.21263958915601971
2020-04-08,0.04942852713260625
2020-04-09,0.0
2020-04-10,0.12148234993219376
2020-04-11,0.16864571375589746
2020-04-12,0.0
2020-04-13,-0.01668520561100428
2020-04-14,0.16906162457979274
2020-04-15,0.08869588114796831
2020-04-16,-0.022645289183931036
2020-04-17,-0.021932124635471145
2020-04-18,0.0
2020-04-19,-0.023274587107121353
2020-04-20,0.31224319907915027
2020-04-21,0.31209225755797926
2020-04-22,0.4502405112541859
2020-04-23,0.0463490477421734
2020-04-24,0.08046328118111543
2020-04-25,0.20590385391056149
2020-04-26,0.15429173350803277
2020-04-27,0.12116248389586434
2020-04-28,0.40515734001145987
2020-04-29,0.13156559520069178
2020-04-30,0.10718898062758818
2020-05-01,0.4848507779547888
2020-05-02,0.19956508778198906
2020-05-03,0.14146405122695582
2020-05-04,0.21332420293295698
2020-05-05,0.46910022929213907
2020-05-06,0.0
2020-05-07,0.10849178685741286
2020-05-08,0.059534097166375935
2020-05-09,0.04290917959257544
2020-05-10,0.10487058013677597
2020-05-11,0.09157083002802133
2020-05-12,0.2597207591285103
2020-05-13,0.03741039906785217
2020-05-14,0.10870062559843063
2020-05-15,0.008827158557150591
2020-05-16,0.07067022560753562
2020-05-17,0.0939069847536841
2020-05-18,0.028792216266537732
2020-05-19,0.09914296112418189
2020-05-20,0.12194649875164032
2020-05-21,0.2510366194346913
2020-05-22,0.1648521558604149
2020-05-23,0.10916025936603546
2020-05-24,-0.022298910943259538
2020-05-25,0.09936480224132538
2020-05-26,0.0
2020-05-27,0.31246871548976296
2020-05-28,0.30479065527916516
2020-05-29,0.01937558871559882
2020-05-30,0.0
2020-05-31,0.0708147657345123
2020-06-01,0.07697565631487686
2020-06-02,0.07507999963686168
2020-06-03,0.10144153330758368
2020-06-04,0.19559235277959575
2020-06-05,0.310100928072106
2020-06-06,-0.014357475048071935
2020-06-07,0.18307669039613553
2020-06-08,0.0
2020-06-09,0.10011044585219538
2020-06-10,0.1277072078521721
2020-06-11,0.09624643594285895
2020-06-12,0.12771455352384614
2020-06-13,0.07500751179752943
2020-06-14,0.06674180885183756
2020-06-15,0.0
2020-06-16,0.006737453427089896
2020-06-17,0.34604216622748873
2020-06-18,0.2343962863087654
2020-06-19,0.18650701285186966
2020-06-20,0.20397467976617814
2020-06-21,0.09018256911398011
2020-06-22,0.2013060899134908
2020-06-23,0.15910297340727958
2020-06-24,0.3646267441934812
2020-06-25,0.17733024916079276
2020-06-26,0.20204162117455787
2020-06-27,0.07107203653256904
2020-06-28,0.27878559118984725
2020-06-29,0.08576816036026197
2020-06-30,0.055345145433537135
2020-07-01,0.0795326754450798
2020-07-02,-0.008363104277854423
2020-07-03,0.0
2020-07-04,-0.01296423134977099
2020-07-05,0.12546899148834223
2020-07-06,0.03587735507891593
2020-07-07,0.21630791521056264
2020-07-08,0.09808125784001517
2020-07-09,0.3311983742515352
2020-07-10,0.09446782432218635
2020-07-11,0.09017959982156754
2020-07-12,0.10010550481284931
2020-07-13,0.22847159758181262
2020-07-14,0.1014981079424129
2020-07-15,0.024759554825301976
2020-07-16,0.17424213513731956
2020-07-17,0.0531074391175359
2020-07-18,0.10227762907743454
2020-07-19,0.21473798599988686
2020-07-20,0.10330875845182741
2020-07-21,0.09961344844836345
2020-07-22,0.20466498701211894
2020-07-23,0.17330490102957213
2020-07-24,0.17911019659433214
2020-07-25,-0.011303185313873698
2020-07-26,0.2798305161575399
2020-07-27,0.27183287177176274
2020-07-28,0.06386529036448983
2020-07-29,0.21041211950593958
2020-07-30,0.15878153512482088
2020-07-31,0.2037214462313539
2020-08-01,-0.040292660725374393
2020-08-02,0.0
2020-08-03,0.1564168976712324
2020-08-04,0.22676849699283563
2020-08-05,0.19811579281149488
2020-08-06,0.16061404130747486
2020-08-07,0.0844199476784636
2020-08-08,0.059007607992785
2020-08-09,0.25103838373418697
2020-08-10,0.06252567945373572
2020-08-11,0.0
2020-08-12,0.22873588651418686
2020-08-13,0.09421781777710746
2020-08-14,0.07042070878772748
2020-08-15,0.09563488581898064
2020-08-16,-0.007937669307899565
2020-08-17,0.0
2020-08-18,0.0723332568199849
2020-08-19,0.08557455362328029
2020-08-20,0.08557455362328029
2020-08-21,0.07303216092081442
2020-08-22,-0.010048484732605414
2020-08-23,0.07803739521298339
2020-08-24,0.10370332863297538
2020-08-25,0.27092620588204935
2020-08-26,0.21329685119847008
2020-08-27,0.12189025740044583
2020-08-28,0.261211441019726
2020-08-29,0.18211947131876036
2020-08-30,0.1082298059088102
2020-08-31,0.018138189537273443
2020-09-01,0.19838348201457257
2020-09-02,0.09968162906836342
2020-09-03,0.05430890451000582
2020-09-04,-0.013036890672135268
2020-09-05,0.0
2020-09-06,0.46314820647239685
2020-09-07,0.07541043311357498
2020-09-08,0.003943721854585788
2020-09-09,-0.0038916633157706285
2020-09-10,0.02112611497704603
2020-09-11,0.2832507175898331
2020-09-12,0.23737705239342438
2020-09-13,0.05823980263255029
2020-09-14,0.0
2020-09-15,0.0
2020-09-16,0.3375420476388399
2020-09-17,0.205463282364962
2020-09-18,0.08161768395513755
2020-09-19,0.05634027467333022
2020-09-20,0.0
2020-09-21,-0.02339412467604461
2020-09-22,0.20857340932540927
2020-09-23,0.26830947399139404
2020-09-24,0.38217180222272873
2020-09-25,-0.025149271595762437
2020-09-26,-0.010283164731806009
2020-09-27,-0.011309199611098011
2020-09-28,0.1431819024773103
2020-09-29,0.07397340061415167
2020-09-30,0.10667411916269054
2020-10-01,-0.05475023089883899
2020-10-02,0.09599955872117828
2020-10-03,-0.008665246478563676
2020-10-04,-0.009488812503725283
2020-10-05,0.17035513168089014
2020-10-06,0.17314785881248304
2020-10-07,0.10858354070573839
2020-10-08,0.19092738062051642
2020-10-09,0.051862355785026626
2020-10-10,0.13490985328946795
2020-10-11,0.15155000640402347
2020-10-12,0.21993795441758218
2020-10-13,0.3104482630675854
2020-10-14,0.10509630292654037
2020-10-15,0.06541814137527423
2020-10-16,0.2426343858242035
2020-10-17,-0.029183975858966024
2020-10-18,0.2908928146969979
2020-10-19,0.0
2020-10-20,0.0
2020-10-21,0.23962929099798205
2020-10-22,0.22276996076107025
2020-10-23,0.21899543276408057
2020-10-24,0.08747847990265636
2020-10-25,0.16298236613532197
2020-10-26,0.01636770537468241
2020-10-27,0.44807156920433044
2020-10-28,0.23978080600500107
2020-10-29,0.15558214113116264
2020-10-30,0.4538222700357437
2020-10-31,0.0
2020-11-01,0.0
2020-11-02,0.16003967821598053
2020-11-03,0.3348202779889107
2020-11-04,0.08459024876356125
2020-11-05,0.10910563915967941
2020-11-06,0.07036938518285751
2020-11-07,0.0
2020-11-08,0.23665767163038254
2020-11-09,0.3539842814207077
2020-11-10,0.36107000708580017
2020-11-11,0.114603154361248
2020-11-12,0.21119867265224457
2020-11-13,0.27585311979055405
2020-11-14,0.0
2020-11-15,0.0
2020-11-16,0.4352259635925293
2020-11-17,0.2114667072892189
2020-11-18,0.12027235329151155
2020-11-19,0.32767780870199203
2020-11-20,0.3366459384560585
2020-11-21,0.20300310105085373
2020-11-22,0.0
2020-11-23,0.18152479827404022
2020-11-24,0.20964276045560837
2020-11-25,0.06433533132076263
2020-11-26,0.10963638871908188
2020-11-27,0.2892903536558151
2020-11-28,0.07671881467103958
2020-11-29,0.0
2020-11-30,0.2245068997144699
2020-12-01,0.3320976719260216
2020-12-02,0.10451928526163101
2020-12-03,0.0
2020-12-04,0.17482486367225647
2020-12-05,0.0
2020-12-06,0.11678221076726915
2020-12-07,0.10989686846733093
2020-12-08,0.07120710611343384
2020-12-09,0.20929896086454391
2020-12-10,0.0
2020-12-11,0.0
2020-12-12,0.2288874238729477
2020-12-13,0.0
2020-12-14,0.14740492403507233
2020-12-15,0.09203656017780304
2020-12-16,0.15424415469169617
2020-12-17,0.0
2020-12-18,0.0
2020-12-19,0.0
2020-12-20,0.0
2020-12-21,0.0
2020-12-22,0.0
2020-12-23,0.11010486632585526
2020-12-24,0.117549791932106
2020-12-25,0.12093472480773924
2020-12-26,0.06764356046915054
2020-12-27,0.23156262934207916
2020-12-28,0.07905611395835876
2020-12-29,0.1958049312233925
2020-12-30,0.33316875249147415
2020-12-31,0.2240070253610611
2021-01-01,0.08940184293055893
2021-01-02,-0.027226800561283057
2021-01-03,0.3817015886145979
2021-01-04,0.0651820819026337
2021-01-05,0.24649019602867583
2021-01-06,0.4573944257241924
2021-01-07,0.24229599906697022
2021-01-08,0.0795586940124252
2021-01-09,0.09298943486609557
2021-01-10,0.09557264919666192
2021-01-11,0.3212763547412252
2021-01-12,0.11332382139506623
2021-01-13,0.0
2021-01-14,0.06260112076313049
2021-01-15,0.06695618848514368
2021-01-16,0.09556256066537888
2021-01-17,0.17235753786212224
2021-01-18,0.1588285660122474
2021-01-19,0.04106684272381144
2021-01-20,0.16901272658973124
2021-01-21,0.1688160369966799
2021-01-22,-0.05075349030390566
2021-01-23,0.04232216554932617
2021-01-24,0.05636854208084459
2021-01-25,-0.025940021298422537
2021-01-26,0.07622304976498338
2021-01-27,0.0
2021-01-28,0.1066747013389717
2021-01-29,0.04095309853393224
2021-01-30,0.1769628903769258
2021-01-31,0.27492134470624063
2021-02-01,0.35271185574915837
2021-02-02,-0.026881140229114767
2021-02-03,0.08559015967174693
2021-02-04,-0.04873476182358334
2021-02-05,0.03590540973881705
2021-02-06,0.02544501155645126
2021-02-07,0.069990665846229
2021-02-08,0.026708209569052833
2021-02-09,0.12422165809803465
2021-02-10,0.5042587265189872
2021-02-11,0.39100999473338205
2021-02-12,0.4662852523125869
2021-02-13,0.29171253084763105
2021-02-14,0.0741069804292804
2021-02-15,0.06654107284517907
2021-02-16,0.14411181124299705
2021-02-17,0.2539290647706798
2021-02-18,0.3013740835003065
2021-02-19,0.09271500408842603
2021-02-20,0.159958674552646
2021-02-21,0.06946275948910972
2021-02-22,0.4277655104748857
2021-02-23,0.07504399212975536
2021-02-24,-0.03496762574039344
2021-02-25,0.07031867636518532
2021-02-26,0.0
2021-02-27,0.0929847025562268
2021-02-28,0.24075999201490605
2021-03-01,0.0
2021-03-02,0.06890702157677683
2021-03-03,0.0
2021-03-04,0.0
2021-03-05,0.0
2021-03-06,0.238647057826765
2021-03-07,-0.022595748901379557
2021-03-08,0.29247756972145905
2021-03-09,0.01862249722063766
2021-03-10,0.27912357427763096
2021-03-11,0.0
2021-03-12,0.09508136791317129
2021-03-13,0.04468608654529213
2021-03-14,0.26552020947229377
2021-03-15,0.0
2021-03-16,-0.002158961083969589
2021-03-17,0.125622527414535
2021-03-18,0.08905125328761251
2021-03-19,0.0
2021-03-20,0.31019430403174114
2021-03-21,0.41486972068555467
2021-03-22,0.023022669479268995
2021-03-23,0.09785262856174567
2021-03-24,0.30199209570480506
2021-03-25,0.08726414727340386
2021-03-26,-0.023682203501773375
2021-03-27,0.06823692882005741
2021-03-28,0.38667551149271895
2021-03-29,0.1350868467716899
2021-03-30,0.042177855718341054
2021-03-31,-0.0434890078767545
2021-04-01,0.12073901368795632
2021-04-02,-0.02301313398528406
2021-04-03,0.1200105470165505
2021-04-04,0.04560053322035859
2021-04-05,-0.04008281940528281
2021-04-06,0.04936126281538411
2021-04-07,0.07514486625432099
2021-04-08,0.15590037986970096
2021-04-09,0.14455437089741185
2021-04-10,0.08342003185385619
2021-04-11,0.08106268324225555
2021-04-12,0.01988677634995934
2021-04-13,0.278161381256412
2021-04-14,0.16173501909643778
2021-04-15,0.12185838937257608
2021-04-16,-0.05034895510703077
2021-04-17,0.0685474207482699
2021-04-18,-0.023396428532245002
2021-04-19,-0.015760278775698116
2021-04-20,0.045062833926868856
2021-04-21,-0.029078875312890697
2021-04-22,-0.011182783340986543
2021-04-23,0.05091850683870944
2021-04-24,0.006258910405649583
2021-04-25,0.0
2021-04-26,0.17999515459626014
2021-04-27,0.0
2021-04-28,0.14387884642446286
2021-04-29,0.15863602222426784
2021-04-30,0.10960235200610652
2021-05-01,0.1872795754812752
2021-05-02,0.06493686421130075
2021-05-03,0.09855217134412322
2021-05-04,0.09132289507433157
2021-05-05,0.0
2021-05-06,-0.02360562517093586
2021-05-07,0.04901701948075313
2021-05-08,0.0769303974147619
2021-05-09,0.0857356649495773
2021-05-10,-0.017853403464919374
2021-05-11,-0.017469807979422727
2021-05-12,-0.041205196941497185
2021-05-13,0.20683419743625747
2021-05-14,0.0562245682439233
2021-05-15,0.0658957137830103
2021-05-16,0.0803319882919336
2021-05-17,0.21246635814955434
2021-05-18,0.10776732373625002
2021-05-19,-0.019218395883036817
2021-05-20,0.2029887160803443
2021-05-21,0.020148584473019475
2021-05-22,0.0428364918311921
2021-05-23,0.05414261788650513
2021-05-24,0.2048998700367732
2021-05-25,0.24348156493168696
2021-05-26,-0.009707713057393902
2021-05-27,0.035141690028497326
2021-05-28,0.043718924573540305
2021-05-29,-0.07605030358595728
2021-05-30,0.09017532936225758
2021-05-31,0.0811728789334292
2021-06-01,0.13429507098874036
2021-06-02,0.17669024539865028
2021-06-03,0.18099440957396917
2021-06-04,0.05055776340698767
2021-06-05,0.05209454230360863
2021-06-06,0.0
2021-06-07,0.20870803274647937
2021-06-08,0.0
2021-06-09,0.0
2021-06-10,0.0
2021-06-11,0.15922810668192458
2021-06-12,0.0968596174585316
2021-06-13,0.15190889772922694
2021-06-14,0.0
2021-06-15,-0.007373741089684031
2021-06-16,0.17763882327209615
2021-06-17,-0.011731243272795067
2021-06-18,0.08041953059319695
2021-06-19,0.09828182266263696
2021-06-20,0.0869749982783411
2021-06-21,0.034964487289125434
2021-06-22,-0.009004187221412777
2021-06-23,-0.002527328420160232
2021-06-24,0.0
2021-06-25,0.05877882775965762
2021-06-26,0.17680705516912104
2021-06-27,-0.028175113396420575
2021-06-28,0.0
2021-06-29,0.1755151816266754
2021-06-30,0.29334708168112045
2021-07-01,-0.022658923506215997
2021-07-02,0.14644522127360185
2021-07-03,0.0
2021-07-04,0.06699351118148064
2021-07-05,0.0
2021-07-06,0.07908909266371233
2021-07-07,0.0
2021-07-08,-0.03594014678742184
2021-07-09,0.0
2021-07-10,-0.014109584188494728
2021-07-11,0.27224648997957185
2021-07-12,0.0
2021-07-13,-0.03807413465984476
2021-07-14,0.0
2021-07-15,-0.022296503340033313
2021-07-16,0.03367902421432141
2021-07-17,-0.029450993078919956
2021-07-18,-0.025569642376148564
2021-07-19,0.07971182469215084
2021-07-20,-0.011692070235879742
2021-07-21,0.14066366760964277
2021-07-22,0.0
2021-07-23,0.0
2021-07-24,-0.010726513039226237
2021-07-25,-0.009462677501061771
2021-07-26,0.09919230567350587
2021-07-27,-0.00461031827991553
2021-07-28,0.10189668640570554
2021-07-29,0.0
2021-07-30,-0.025508703278789752
2021-07-31,-0.016700081271139578
2021-08-01,0.0
2021-08-02,0.06548582780384204
2021-08-03,0.0021494651515906876
2021-08-04,0.07837404667118311
2021-08-05,0.15372790830094837
2021-08-06,0.22558831538176663
2021-08-07,-0.013723206077917303
2021-08-08,0.08846174623917791
2021-08-09,0.20663677715466472
2021-08-10,0.0
2021-08-11,0.37404878800539754
2021-08-12,0.06264549997642019
2021-08-13,-0.02104148093259306
2021-08-14,0.1346558882771725
2021-08-15,0.09027547271716736
2021-08-16,0.3322469976514132
2021-08-17,0.38821493869759405
2021-08-18,0.07400648233104751
2021-08-19,0.18096761264192487
2021-08-20,0.06119374237699933
2021-08-21,0.18018073449779104
2021-08-22,0.07946012807754292
2021-08-23,0.0
2021-08-24,-0.013370181869124236
2021-08-25,0.0
2021-08-26,0.13148540926650207
2021-08-27,0.09047349948711234
2021-08-28,0.10038814422610971
2021-08-29,-0.023881641462003285
2021-08-30,0.12140927063976059
2021-08-31,-0.044496837939907094
2021-09-01,0.08143156903818216
2021-09-02,-0.006528106748198571
2021-09-03,0.07143765070758702
2021-09-04,-0.004231433211929432
2021-09-05,-0.01174816881413156
2021-09-06,-0.02035962468187822
2021-09-07,0.05488561981740598
2021-09-08,0.14782224628780494
2021-09-09,0.22169934994747947
2021-09-10,0.015706893331068138
2021-09-11,0.18260503721408952
2021-09-12,-0.018207298438731853
2021-09-13,-0.01486201407253984
2021-09-14,0.19374004035251613
2021-09-15,-0.003859252905289493
2021-09-16,0.05755107084694585
2021-09-17,0.05602508759315326
2021-09-18,-0.034265740304785644
2021-09-19,0.0
2021-09-20,-0.0051566152501245285
2021-09-21,0.2008728930652059
2021-09-22,0.07028689501862379
2021-09-23,0.0
2021-09-24,-0.05006993245317043
2021-09-25,0.289656688877342
2021-09-26,0.14293978986910996
2021-09-27,0.04302632027479002
2021-09-28,0.0
2021-09-29,0.24412419948154718
2021-09-30,0.1010682739675566
2021-10-01,0.17814127483028278
2021-10-02,0.08065030764760228
2021-10-03,0.006848070361376669
2021-10-04,0.15668582731193675
2021-10-05,0.1354373818310007
2021-10-06,0.04213248951523994
2021-10-07,0.20677723310236054
2021-10-08,-0.017838398982927623
2021-10-09,0.5227828429022199
2021-10-10,0.019168163478517897
2021-10-11,0.10518013858460637
2021-10-12,0.16973405710988476
2021-10-13,0.0
2021-10-14,0.06117318612876765
2021-10-15,0.06317201878249784
2021-10-16,0.08394909611990223
2021-10-17,0.0
2021-10-18,-0.01734446933574061
2021-10-19,0.16160136008807074
2021-10-20,0.17163453734661016
2021-10-21,0.07292095371413905
2021-10-22,0.06619113361544182
2021-10-23,0.0
2021-10-24,-0.032912434853117824
2021-10-25,0.22728917664788834
2021-10-26,0.0631833453927832
2021-10-27,0.07016849879498065
2021-10-28,0.06072721072745664
2021-10-29,0.2521375696548109
2021-10-30,0.04612229698125124
2021-10-31,-0.017912458487027497
2021-11-01,0.0
2021-11-02,0.0
2021-11-03,0.2016083195943198
2021-11-04,0.22993129792084027
2021-11-05,0.4108370394671109
2021-11-06,0.19171232190733378
2021-11-07,0.0904841041736486
2021-11-08,0.27456565832636837
2021-11-09,-0.018340382587944383
2021-11-10,0.0
2021-11-11,-0.009014581369865247
2021-11-12,0.1593868183833665
2021-11-13,0.16902704442873093
2021-11-14,0.2840484248532129
2021-11-15,0.0839224349740245
2021-11-16,0.22957202165008994
2021-11-17,0.0
2021-11-18,0.07374300152249019
2021-11-19,0.04363794024919464
2021-11-20,0.12176988064179173
2021-11-21,0.16098517346389501
2021-11-22,0.0
2021-11-23,0.12697531659151304
2021-11-24,0.14589463665414773
2021-11-25,0.3354693274527252
2021-11-26,-0.021503607382199606
2021-11-27,0.2933507791801937
2021-11-28,0.1442860554965306
2021-11-29,0.0
2021-11-30,0.357715321878175
2021-12-01,-0.018423417065297345
2021-12-02,-0.023716972387994435
2021-12-03,-0.036130284393838724
2021-12-04,0.06217297368974711
2021-12-05,-0.03552779249482273
2021-12-06,0.037891280460888264
2021-12-07,0.1211405321955681
2021-12-08,0.04332446083831759
2021-12-09,0.1070038764745218
2021-12-10,0.09018361314877488
2021-12-11,-0.0239558783862157
2021-12-12,-0.037290702961633185
2021-12-13,-0.021797575819476608
2021-12-14,0.10025115136751732
2021-12-15,-0.013729908272655755
2021-12-16,0.2060595460399171
2021-12-17,0.19848214940907297
2021-12-18,0.10333293353788221
2021-12-19,-0.04198080040323804
2021-12-20,0.09500849105436775
2021-12-21,0.11582572848701546
2021-12-22,0.002498960333728765
2021-12-23,0.0
2021-12-24,0.003534479713761529
2021-12-25,0.08034204008096985
2021-12-26,-0.041429643843341205
2021-12-27,-0.02207698935382825
2021-12-28,0.12713057335126132
2021-12-29,0.05248660498840584
2021-12-30,-0.02343386561141828
2021-12-31,-0.01584926836251181
2022-01-01,0.09036486743898652
2022-01-02,0.0019394019145108632
2022-01-03,-0.01646204606400074
2022-01-04,-0.02104148093259306
2022-01-05,0.04698305363348752
2022-01-06,-0.023669939034790675
2022-01-07,0.2387342026902878
2022-01-08,0.09857265580450023
2022-01-09,0.0559876757535577
2022-01-10,0.09694274098207753
2022-01-11,0.13869856724875823
2022-01-12,0.09721701025866238
2022-01-13,0.10033859239111902
2022-01-14,0.10306373017140984
2022-01-15,0.037066404482650035
2022-01-16,0.03966666815145663
2022-01-17,0.10620794902970787
2022-01-18,0.213615856344054
2022-01-19,0.0
2022-01-20,0.09850201720621851
2022-01-21,0.0720854637444089
2022-01-22,0.2000284340141121
2022-01-23,-0.01968265110534206
2022-01-24,0.25825104720472275
2022-01-25,0.09928327282991585
2022-01-26,0.0
2022-01-27,0.4006724339705986
2022-01-28,0.10479348881405784
2022-01-29,-0.010015738733031944
2022-01-30,0.0
2022-01-31,0.29697072682861403
2022-02-01,-0.0008663164920126136
2022-02-02,0.20280764908327922
2022-02-03,0.0
2022-02-04,0.1533074143839441
2022-02-05,-0.003858779306312947
2022-02-06,-0.03397445061784714
2022-02-07,-0.021230859227318332
2022-02-08,-0.0004702521186783909
2022-02-09,-0.025038574639579626
2022-02-10,0.21043190072717557
2022-02-11,0.2806530372472094
2022-02-12,-0.0049084582636649485
2022-02-13,-0.014735242388354594
2022-02-14,0.09349258679507516
2022-02-15,0.0
2022-02-16,0.0
2022-02-17,0.11240187378144627
2022-02-18,0.0744571960118329
2022-02-19,0.06646631405298974
2022-02-20,0.1790631891717313
2022-02-21,0.0
2022-02-22,0.09300849887662577
2022-02-23,0.24544469208030537
2022-02-24,0.30589713734374513
2022-02-25,0.3411516801008747
2022-02-26,-0.022516045576142354
2022-02-27,-0.0066878699669463415
2022-02-28,0.14563744619047808
2022-03-01,0.2504949406391497
2022-03-02,-0.02678992578793373
2022-03-03,0.07638300203457019
2022-03-04,0.20112028948272861
2022-03-05,0.30795551553440953
2022-03-06,0.0
2022-03-07,-0.027265612218468155
2022-03-08,0.18153976501956015
2022-03-09,0.4135943462578561
2022-03-10,0.0
2022-03-11,-0.007552387821457635
2022-03-12,0.12740533380209362
2022-03-13,0.07945390257163226
2022-03-14,0.2934558155741273
2022-03-15,-0.010209454733920105
2022-03-16,-0.017186059324046474
2022-03-17,0.09339306387967641
2022-03-18,0.1537370820306736
2022-03-19,0.19955422009348145
2022-03-20,0.07513776725928518
2022-03-21,0.2012995782512546
2022-03-22,0.0
2022-03-23,0.05742039893572887
2022-03-24,0.2712399607244145
2022-03-25,0.169173093343788
2022-03-26,0.18110817180908237
2022-03-27,-0.02544868685676293
2022-03-28,0.3194472701862113
2022-03-29,0.13348310878424346
2022-03-30,0.1561141238206919
2022-03-31,0.168088840747219
2022-04-01,0.093827900907876
2022-04-02,0.09560723707612812
2022-04-03,0.02466652965633611
2022-04-04,0.06240011830897026
2022-04-05,0.08643689894329377
2022-04-06,0.11113258299698793
2022-04-07,0.07777149192628326
2022-04-08,0.07313262413005664
2022-04-09,0.0708989581063313
2022-04-10,0.06276386583849304
2022-04-11,0.0016208373901837256
2022-04-12,-0.021188236644261765
2022-04-13,0.36017085061624016
2022-04-14,-0.007553467426369559
2022-04-15,0.1511429012247762
2022-04-16,0.17259656282944327
2022-04-17,0.029776895331205193
2022-04-18,0.026991512080189933
2022-04-19,0.19144963534975615
2022-04-20,0.08704165216682498
2022-04-21,0.10230386418225511
2022-04-22,0.1774659039772875
2022-04-23,0.10073830736401071
2022-04-24,0.06780146987546538
2022-04-25,0.4042813101421223
2022-04-26,0.077804894402572
2022-04-27,0.14906708360983784
2022-04-28,0.1627165438413412
2022-04-29,0.0
2022-04-30,0.08444253355264664
2022-05-01,-0.0014581593147664704
2022-05-02,0.0964162093346832
2022-05-03,0.10510059297131977
2022-05-04,0.09891103524166234
2022-05-05,0.3033702572074735
2022-05-06,0.09891954692729585
2022-05-07,0.2188203230130175
2022-05-08,0.26863109633425675
2022-05-09,0.40251888318165724
2022-05-10,-0.015622748301858743
2022-05-11,0.08012822408869386
2022-05-12,0.0
2022-05-13,0.08129161277138733
2022-05-14,0.12395620586689406
2022-05-15,0.4836088489417758
2022-05-16,0.10315220069401461
2022-05-17,0.301827869393124
2022-05-18,0.1513956153669225
2022-05-19,0.1032806087457349
2022-05-20,0.20321231859659816
2022-05-21,0.18908235583184352
2022-05-22,0.19161605780838498
2022-05-23,0.08317841818132901
2022-05-24,0.2958582219554643
2022-05-25,0.10076839336391165
2022-05-26,0.30112521393002906
2022-05-27,0.09949052483979912
2022-05-28,0.09944899450549655
2022-05-29,0.023728630854458043
2022-05-30,0.2020159194872478
2022-05-31,-0.009004187221412777
2022-06-01,0.10599629562166092
2022-06-02,0.06609294638727725
2022-06-03,0.11992307043000866
2022-06-04,0.1861883234148647
2022-06-05,0.17272446914137302
2022-06-06,0.09835727016752749
2022-06-07,0.08230885787770152
2022-06-08,0.158733720175599
2022-06-09,0.28351083896115675
2022-06-10,0.08330651918152726
2022-06-11,-0.016748272466101125
2022-06-12,0.10550289790036807
2022-06-13,0.1738786762751779
2022-06-14,0.0662987598892212
2022-06-15,0.1186324432492256
2022-06-16,0.08040319428818626
2022-06-17,0.18176982800603528
2022-06-18,0.0
2022-06-19,0.16509738929066714
2022-06-20,0.09896115500262935
2022-06-21,0.0806618487604628
2022-06-22,0.03534390331724201
2022-06-23,0.3489284164258578
2022-06-24,0.1882557118879685
2022-06-25,-0.0053884684565919765
2022-06-26,0.1631838738531502
2022-06-27,0.1783169500888068
2022-06-28,0.16243995148753942
2022-06-29,0.0
2022-06-30,0.22559649453944883
2022-07-01,0.350343889586176
2022-07-02,-0.014397864709970055
2022-07-03,0.07934485830112789
2022-07-04,-0.003660080492795245
2022-07-05,0.2788299448863668
2022-07-06,-0.005243721820006719
2022-07-07,0.09340779375701234
2022-07-08,0.0
2022-07-09,0.08187453753686949
2022-07-10,-0.0011114142236823034
2022-07-11,-0.01591725353900675
2022-07-12,0.11122663718648002
2022-07-13,-0.026225129423639512
2022-07-14,-0.009577287821046963
2022-07-15,0.12235358843211548
2022-07-16,0.1261085439405359
2022-07-17,0.05870247106263707
2022-07-18,0.055251957477616825
2022-07-19,0.19796935402480853
2022-07-20,-0.042408266076411016
2022-07-21,0.0
2022-07-22,0.07177355934821712
2022-07-23,0.08974275172558996
2022-07-24,0.16527689405348578
2022-07-25,0.19628517943947388
2022-07-26,0.0
2022-07-27,0.035530913587048456
2022-07-28,0.0
2022-07-29,-0.021152839049630525
2022-07-30,0.13109147177593658
2022-07-31,0.12602920492007494
2022-08-01,0.20848819921900957
2022-08-02,0.1416914861704103
2022-08-03,0.22266571299096843
2022-08-04,0.08314609180531182
2022-08-05,0.06285956262512572
2022-08-06,0.4224470471001714
2022-08-07,0.09966651879986804
2022-08-08,0.09368961731598352
2022-08-09,0.32309227679899727
2022-08-10,0.07215692125812027
2022-08-11,-0.0044680346772247685
2022-08-12,0.0695127551107015
2022-08-13,-0.03861455118416615
2022-08-14,0.1815312143673755
2022-08-15,0.3923523122494942
2022-08-16,0.20584733671623373
2022-08-17,0.336067273697737
2022-08-18,0.08338621600876293
2022-08-19,0.1766210124175573
2022-08-20,0.2646101416316288
2022-08-21,0.3435690932973592
2022-08-22,-0.04251924715177438
2022-08-23,0.0684612982531762
2022-08-24,-0.0023440225224539805
2022-08-25,0.07127125736161986
2022-08-26,0.06409767336833769
2022-08-27,0.04172513295265496
2022-08-28,-0.03701587209605385
2022-08-29,0.1391108029108705
2022-08-30,0.142414437591804
2022-08-31,0.01679299696676674
2022-09-01,0.0
2022-09-02,0.3039617216963237
2022-09-03,0.11874904430913102
2022-09-04,0.3139372960963721
2022-09-05,-0.050957170282358605
2022-09-06,-0.016226709641969473
2022-09-07,0.1901960327096862
2022-09-08,0.086543953315817
2022-09-09,0.30192637438880965
2022-09-10,0.25766133329791385
2022-09-11,-0.03539477847395604
2022-09-12,-0.029488573165721628
2022-09-13,0.29957075028284347
2022-09-14,0.01054442033040906
2022-09-15,0.05067895441416803
2022-09-16,0.2767575275569068
2022-09-17,0.0986266029437823
2022-09-18,0.1468158519670569
2022-09-19,0.055779397515572704
2022-09-20,0.08056650356453622
2022-09-21,0.0
2022-09-22,-0.027484376833891797
2022-09-23,0.0844720759486922
2022-09-24,0.09434287297355266
2022-09-25,-0.02244803118530289
2022-09-26,0.08223692556050742
2022-09-27,0.0
2022-09-28,-0.029269713248866312
2022-09-29,0.1087530999858386
2022-09-30,0.05615745710920463
2022-10-01,0.266677713066214
2022-10-02,-0.010291401337594777
2022-10-03,0.0694790802360698
2022-10-04,-0.02763594209125214
2022-10-05,0.18790932466013985
2022-10-06,0.2985768580961058
2022-10-07,0.08077712167523787
2022-10-08,0.09282518929496156
2022-10-09,0.27852394890599247
2022-10-10,0.09602114876129195
2022-10-11,0.12943478312725773
2022-10-12,0.378735946951806
2022-10-13,0.2178683776860132
2022-10-14,0.27123450366568336
2022-10-15,0.3134055775363945
2022-10-16,0.11038306528281569
2022-10-17,-0.0524471372635022
2022-10-18,0.27336815362319977
2022-10-19,0.06557225982624015
2022-10-20,0.1098756852379695
2022-10-21,0.0
2022-10-22,0.09642553441500377
2022-10-23,0.2304241204019969
2022-10-24,0.22682787887312775
2022-10-25,0.09006185436285181
2022-10-26,0.08284896829390784
2022-10-27,0.13414728807848428
2022-10-28,0.2967472769353695
2022-10-29,-0.018565421156399246
2022-10-30,0.08749534237888659
2022-10-31,0.08821701329334927
2022-11-01,0.09928069573997414
2022-11-02,-0.005722982603859585
2022-11-03,-0.017929557265802133
2022-11-04,-0.017929557265802133
2022-11-05,0.0938201614147656
2022-11-06,0.3454489137198353
2022-11-07,0.03952695223026234
2022-11-08,0.19289538562663283
2022-11-09,0.0816469785033193
2022-11-10,-0.004522120072557957
2022-11-11,0.04465130621989369
2022-11-12,-0.011631626952193202
2022-11-13,0.266243903225485
2022-11-14,0.13222150156797352
2022-11-15,-0.02859510443745847
2022-11-16,0.07277689751345798
2022-11-17,-0.023623524813429504
2022-11-18,0.05352996879387878
2022-11-19,0.05279779665663745
2022-11-20,0.1666730905554136
2022-11-21,0.22587120026497506
2022-11-22,0.19224440086678035
2022-11-23,0.0244000003907376
2022-11-24,0.1948519639519408
2022-11-25,0.1615065849376842
2022-11-26,0.08140706586098206
2022-11-27,0.09634582955824234
2022-11-28,0.07588365705645483
2022-11-29,0.13118917063842997
2022-11-30,0.036616757860313695
2022-12-01,0.12022500962833474
2022-12-02,0.18535172572486946
2022-12-03,0.06871518237104865
2022-12-04,0.0967890455808218
2022-12-05,0.0017535027865360348
2022-12-06,-0.022621016068691734
2022-12-07,0.1684329753907488
2022-12-08,0.06514634645105473
2022-12-09,0.059536438442058096
2022-12-10,-0.01709545662118498
2022-12-11,-0.046188099351289466
2022-12-12,0.22604530621180158
2022-12-13,-0.004634539948988044
2022-12-14,0.0932882574383889
2022-12-15,0.09755724472200845
2022-12-16,0.033408021072272226
2022-12-17,0.17970088776175325
2022-12-18,0.13328138432688919
2022-12-19,0.21139150913749183
2022-12-20,0.2167106509896586
2022-12-21,0.013445531124696656
2022-12-22,-0.00861182663838974
2022-12-23,0.15312858229482665
2022-12-24,-0.038005665260256075
2022-12-25,0.1934561422463772
2022-12-26,0.10502393056879804
2022-12-27,0.1609587186539373
2022-12-28,0.28105105211826664
2022-12-29,0.21341506914065286
2022-12-30,0.17568822758326957
2022-12-31,0.09593735674087743
2023-01-01,0.1541791840502696
2023-01-02,0.07302784340397617
2023-01-03,0.21123796207764395
2023-01-04,-0.003356597308261138
2023-01-05,0.2777502730755805
2023-01-06,0.2509987769442973
2023-01-07,0.15573973768167534
2023-01-08,0.14042313992470476
2023-01-09,0.18980608494078446
2023-01-10,0.0
2023-01-11,0.000468447744345922
2023-01-12,-0.02715021493832971
2023-01-13,0.10610878102692914
2023-01-14,0.14744711095222113
2023-01-15,0.3012203803728253
2023-01-16,-0.014377102060680023
2023-01-17,0.3615174397442794
2023-01-18,0.08031962980644261
2023-01-19,0.1383166726946099
2023-01-20,-0.025770646239133273
2023-01-21,-0.02662829957947493
2023-01-22,0.3089195324162094
2023-01-23,0.1921687829313956
2023-01-24,0.06700411552398508
2023-01-25,0.09425308744246419
2023-01-26,0.20273353509399597
2023-01-27,0.16960429462295962
2023-01-28,0.2770205304688803
2023-01-29,0.17508132326433903
2023-01-30,-0.022483651950866875
2023-01-31,-0.016632061069299535
2023-02-01,0.015682014044657813
2023-02-02,-0.020091554106636704
2023-02-03,0.07303166200504065
2023-02-04,-0.020193827174680726
2023-02-05,0.351241454859355
2023-02-06,0.0
2023-02-07,0.2503469141539667
2023-02-08,0.4150454357307408
2023-02-09,0.07486270167947914
2023-02-10,-0.034022656278647034
2023-02-11,0.209701281946008
2023-02-12,0.09002518758561533
2023-02-13,0.07660522260521091
2023-02-14,0.0
2023-02-15,0.2817324235681611
2023-02-16,0.09454645269137679
2023-02-17,-0.03549135644552674
2023-02-18,0.08984081883978261
2023-02-19,0.28996969764878966
2023-02-20,-0.011901242825084493
2023-02-21,0.09784579062206823
2023-02-22,0.41867033990735036
2023-02-23,0.07393166834685293
2023-02-24,-0.03575135210267907
2023-02-25,0.0008702831322353125
2023-02-26,0.0
2023-02-27,0.20049727263377848
2023-02-28,0.4155958424854398
2023-03-01,0.20534409147661276
2023-03-02,0.12870965425749137
2023-03-03,0.16447162055046363
2023-03-04,0.05686988226442237
2023-03-05,0.08454459038707654
2023-03-06,0.06955998322737063
2023-03-07,0.21701350840318465
2023-03-08,-0.003930970488236631
2023-03-09,-0.006366934501898611
2023-03-10,0.20572941668614148
2023-03-11,0.0
2023-03-12,0.13817786143098604
2023-03-13,0.049786060035767674
2023-03-14,0.26815320893682715
2023-03-15,0.0
2023-03-16,-0.03192680632716484
2023-03-17,-0.01098273535669747
2023-03-18,0.0
2023-03-19,0.04125236747515523
2023-03-20,0.0
2023-03-21,0.0921370232697402
2023-03-22,-0.021164714652488138
2023-03-23,0.0
2023-03-24,-0.01963197673770601
2023-03-25,-0.03589370522894046
2023-03-26,-0.002296991961382878
2023-03-27,0.20861284246747555
2023-03-28,0.056883601548818184
2023-03-29,0.20493173787495714
2023-03-30,0.17447107616848662
2023-03-31,-0.02991165512993786
2023-04-01,0.09111751578623792
2023-04-02,0.21628315697903533
2023-04-03,0.030599016370380473
2023-04-04,0.07388784750837661
2023-04-05,0.0735895522534556
2023-04-06,0.2747642227207311
2023-04-07,0.19773854065375335
2023-04-08,-0.00048228541129476457
2023-04-09,0.14796745500543051
2023-04-10,0.20317721768919095
2023-04-11,0.22632427513599396
2023-04-12,0.33486487716436386
2023-04-13,0.0
2023-04-14,0.0
2023-04-15,0.0
2023-04-16,0.12057903280436597
2023-04-17,1.735785819136776e-05
2023-04-18,0.35128751905631694
2023-04-19,0.18773729741655526
2023-04-20,0.0
2023-04-21,0.14773176137642186
2023-04-22,-0.0364577302307197
2023-04-23,0.25906403704980063
2023-04-24,0.02610445659092536
2023-04-25,0.018990397136611784
2023-04-26,0.18201451856208584
2023-04-27,0.11774976163101626
2023-04-28,-0.020287078953376746
2023-04-29,0.09058839386296957
2023-04-30,0.06885456851460811
2023-05-01,0.06782019030065747
2023-05-02,0.0762316921394088
2023-05-03,-0.0514892727987592
2023-05-04,0.1086048730402124
2023-05-05,0.28538819154406586
2023-05-06,0.1759175477171517
2023-05-07,0.1889233802341788
2023-05-08,0.25428700321465036
2023-05-09,0.2822549551826683
2023-05-10,0.0
2023-05-11,0.29464579054385664
2023-05-12,0.20196445101434643
2023-05-13,0.032527423769140154
2023-05-14,0.21121245565730282
2023-05-15,0.42447954507157004
2023-05-16,0.33552515267647587
2023-05-17,0.15632241440624833
2023-05-18,0.16174778868789302
2023-05-19,0.2457740495299988
2023-05-20,0.27084856722383743
2023-05-21,0.17885621175026983
2023-05-22,-0.015939430335708972
2023-05-23,0.26047534026954255
2023-05-24,0.18651999692727042
2023-05-25,0.2617832823995798
2023-05-26,0.06394662031632817
2023-05-27,0.12177955364414833
2023-05-28,0.15065686061966346
2023-05-29,0.0
2023-05-30,0.15173936183605263
2023-05-31,0.08267492753516913
2023-06-01,0.14496438113779692
2023-06-02,0.07795632080138254
2023-06-03,-0.0369894779591072
2023-06-04,-0.02588925880647422
2023-06-05,0.05001805017938522
2023-06-06,0.2986818419889873
2023-06-07,0.09619287873183767
2023-06-08,0.1828214665876533
2023-06-09,0.18470734086611468
2023-06-10,0.06442182372673887
2023-06-11,0.20891793476322162
2023-06-12,0.2527373032923592
2023-06-13,0.26165221200036104
2023-06-14,0.09847626836815894
2023-06-15,0.14926670250249843
2023-06-16,0.19399529829224116
2023-06-17,0.1818997378281052
2023-06-18,0.10145796592949513
2023-06-19,0.18978583035841917
2023-06-20,0.1750205221589609
2023-06-21,0.287958104777156
2023-06-22,0.04086456103389611
2023-06-23,0.025352071610536507
2023-06-24,0.29823451836578796
2023-06-25,0.3722774352315568
2023-06-26,0.17661200473024563
2023-06-27,0.47498362461634114
2023-06-28,0.07404163601725311
2023-06-29,0.26376064633045393
2023-06-30,0.18931944552258498
2023-07-01,0.0975771318763989
2023-07-02,0.2847056181730081
2023-07-03,0.42325372719008403
2023-07-04,0.09736771986858389
2023-07-05,0.4078538870991167
2023-07-06,0.18895900708738492
2023-07-07,0.28714672467563895
2023-07-08,0.1625516338205695
2023-07-09,0.3167053491460443
2023-07-10,0.2846829625657551
2023-07-11,0.4832424714558917
2023-07-12,0.08759136649716437
2023-07-13,0.15082316029124954
2023-07-14,0.20439879942340392
2023-07-15,0.024165517490304426
2023-07-16,0.2070308072705111
2023-07-17,0.28917140131250724
2023-07-18,0.545808356601226
2023-07-19,0.35950279021113346
2023-07-20,0.11657751297240876
2023-07-21,0.17989881870449723
2023-07-22,0.08321478035107742
2023-07-23,0.16469094156425051
2023-07-24,0.0729930258881619
2023-07-25,0.32287747234865666
2023-07-26,0.22026069901331552
2023-07-27,0.13937473012611562
2023-07-28,0.22984910965096533
2023-07-29,0.10322392450246778
2023-07-30,-0.04340868890844345
2023-07-31,0.0
2023-08-01,0.17316427090626146
2023-08-02,0.325990833117666
2023-08-03,0.2721512728070018
2023-08-04,0.4151757520155329
2023-08-05,0.28150231109201923
2023-08-06,0.18479868505649955
2023-08-07,0.09101690504286108
2023-08-08,0.17144392853313428
2023-08-09,0.2547719864001461
2023-08-10,0.47103814988256076
2023-08-11,0.09848502788339933
2023-08-12,0.1852663113874359
2023-08-13,0.19984588646390333
2023-08-14,0.08776287739826916
2023-08-15,0.07390577495013452
2023-08-16,0.2675063499355017
2023-08-17,0.24225456996453795
2023-08-18,0.08515602859357663
2023-08-19,0.16617565107975318
2023-08-20,0.0659337197105281
2023-08-21,0.07888354123378993
2023-08-22,0.15515118640287665
2023-08-23,0.15367199421504002
2023-08-24,-0.0014538514153126236
2023-08-25,-0.024104816917381828
2023-08-26,-0.008452276204454098
2023-08-27,0.178006739721789
2023-08-28,0.10321397463802032
2023-08-29,0.08805218962112876
2023-08-30,0.03705089864282678
2023-08-31,0.0
2023-09-01,0.0
2023-09-02,0.2632552037221219
2023-09-03,0.17151049926534323
2023-09-04,0.1480624204886728
2023-09-05,0.019689655942569606
2023-09-06,0.20809661576208105
2023-09-07,0.0
2023-09-08,0.014438757891667084
2023-09-09,0.12502512138252594
2023-09-10,0.18300432561961844
2023-09-11,0.09014691054759871
2023-09-12,0.22755395523591992
2023-09-13,0.18137116396767086
2023-09-14,-0.011491504434685659
2023-09-15,0.2416750724029096
2023-09-16,0.24175243633511448
2023-09-17,0.040797972856724075
2023-09-18,0.068132110262874
2023-09-19,0.18895701647796692
2023-09-20,0.013671584328158237
2023-09-21,0.09189762540231092
2023-09-22,0.12727440906333443
2023-09-23,0.24881616291040184
2023-09-24,0.11707027235059403
2023-09-25,0.17451259202592956
2023-09-26,0.1684947244120829
2023-09-27,0.0496929748801222
2023-09-28,0.10994691190100293
2023-09-29,0.16459448723930403
2023-09-30,0.18127367369926015
2023-10-01,0.32852846076250614
2023-10-02,0.0
2023-10-03,0.10113556661140469
2023-10-04,0.10222436065697903
2023-10-05,0.02506468243296047
2023-10-06,-0.03786658381531411
2023-10-07,0.35069717611407814
2023-10-08,0.16111208208480052
2023-10-09,0.0663618089100426
2023-10-10,-0.03334536670375832
2023-10-11,0.05253072429289461
2023-10-12,0.16877772400196556
2023-10-13,0.1812089252962209
2023-10-14,0.05622722445233211
2023-10-15,0.07493632438408895
2023-10-16,0.10265969723646769
2023-10-17,0.18016142703309646
2023-10-18,0.037243734225977564
2023-10-19,0.057372306420343716
2023-10-20,0.1805267406894746
2023-10-21,0.3586232283532328
2023-10-22,0.20054229626262657
2023-10-23,0.0
2023-10-24,0.05193755924726297
2023-10-25,0.4940521001437206
2023-10-26,0.3379281144272137
2023-10-27,-0.027989218565926562
2023-10-28,0.15053104527830102
2023-10-29,0.11992112654011411
2023-10-30,-0.0207518947176599
2023-10-31,0.19271393688318433
2023-11-01,0.0
2023-11-02,0.0
2023-11-03,0.02078475272910474
2023-11-04,0.043724567710327705
2023-11-05,0.22144135129819936
2023-11-06,-0.02785597731648717
2023-11-07,0.027213340297331884
2023-11-08,0.09468130239987013
2023-11-09,0.14094510095310098
2023-11-10,0.033341056106124776
2023-11-11,0.09379428516070684
2023-11-12,0.295406519451545
2023-11-13,0.26025763175301747
2023-11-14,0.0705194235693819
2023-11-15,0.26760845389059
2023-11-16,0.15005789119107277
2023-11-17,0.15262318474306624
2023-11-18,0.17459849829966648
2023-11-19,0.27012117895627363
2023-11-20,0.3573562695046212
2023-11-21,0.2354333460756993
2023-11-22,0.1433594566933124
2023-11-23,0.14107059936118088
2023-11-24,0.04290167090726817
2023-11-25,-0.0425564317969403
2023-11-26,-0.03012460363129327
2023-11-27,-0.0017815359194369822
2023-11-28,0.25632093391960187
2023-11-29,0.04386220129850722
2023-11-30,0.43131050635740675
2023-12-01,0.09792473962196245
2023-12-02,0.08864022186441031
2023-12-03,0.18917097441380637
2023-12-04,0.09368285394000533
2023-12-05,0.04036245129115126
2023-12-06,-0.00937521965341942
2023-12-07,0.0
2023-12-08,0.21119101828394915
2023-12-09,0.07361230013755077
2023-12-10,0.12475448671252343
2023-12-11,0.18385910284778234
2023-12-12,0.034090674102444464
2023-12-13,0.018570812177137665
2023-12-14,0.0
2023-12-15,-0.046889551084987886
2023-12-16,0.0101349227227064
2023-12-17,0.12252914969403876
2023-12-18,0.09570929004313397
2023-12-19,0.01354214162454967
2023-12-20,0.2718956961213842
2023-12-21,0.06409318067410331
2023-12-22,0.06892951704224827
2023-12-23,0.05133731950928175
2023-12-24,0.1332259358788445
2023-12-25,0.06538151634424096
2023-12-26,-0.012141314150980572
2023-12-27,0.20913410920884012
2023-12-28,0.011210051504274093
2023-12-29,0.11812228069581918
2023-12-30,-0.01509726620824207
2023-12-31,0.2886922535220761
2024-01-01,0.35725403469530187
2024-01-02,0.2839644837466101
2024-01-03,0.2671228754417594
2024-01-04,0.46917932831318276
2024-01-05,0.01990710131364289
2024-01-06,0.1371525860529489
2024-01-07,0.12155467170178741
2024-01-08,0.054141343942825874
2024-01-09,-0.005178468912567902
2024-01-10,0.3907753575933722
2024-01-11,0.0
2024-01-12,0.08686878838179685
2024-01-13,0.07532988245306269
2024-01-14,0.11320667846295773
2024-01-15,0.06578223489854082
2024-01-16,0.14072339908794607
2024-01-17,0.08041198866063591
2024-01-18,0.0
2024-01-19,0.2568360666146309
2024-01-20,0.05077749642021724
2024-01-21,0.23452295838227766
2024-01-22,-0.021305553189511082
2024-01-23,0.0
2024-01-24,0.06987626493250973
2024-01-25,0.051224302197750204
2024-01-26,0.2518421187762533
2024-01-27,0.19781256885356985
2024-01-28,0.11685328831518767
2024-01-29,0.18712127284758287
2024-01-30,0.05418921349999688
2024-01-31,0.0
2024-02-01,0.05141171077042271
2024-02-02,0.0
2024-02-03,0.06075390905264921
2024-02-04,0.03453324691607839
2024-02-05,-0.020512803442732454
2024-02-06,0.1842939972932043
2024-02-07,0.2762179376720082
2024-02-08,0.14354639442385542
2024-02-09,0.07324389605887156
2024-02-10,0.15707078709812597
2024-02-11,0.11049412260282133
2024-02-12,0.07097222691541029
2024-02-13,0.16942829143327942
2024-02-14,0.17842812262556715
2024-02-15,0.3341142422640616
2024-02-16,0.1356451552434414
2024-02-17,0.3837237223783537
2024-02-18,0.26494168907347704
2024-02-19,0.3677564182196314
2024-02-20,0.17790839795616675
2024-02-21,0.33269913922113664
2024-02-22,0.12908859684747415
2024-02-23,0.0799901431396437
2024-02-24,-0.005001710639018941
2024-02-25,0.054670146818575266
2024-02-26,0.10792421825580653
2024-02-27,-0.042671136227093814
2024-02-28,0.17166548764383166
2024-02-29,0.087379974146155
2024-03-01,0.376024974961184
2024-03-02,0.03238773274543143
2024-03-03,0.1908128734603509
2024-03-04,0.36197843077828684
2024-03-05,0.1801488210708014
2024-03-06,0.0
2024-03-07,0.4208209903479236
2024-03-08,0.08563786043830547
2024-03-09,-0.021281301210742492
2024-03-10,0.1356370861777742
2024-03-11,0.09762166265094427
2024-03-12,0.2879544773461
2024-03-13,-0.00016371829320607593
2024-03-14,0.07903402476470708
2024-03-15,0.09640039495408452
2024-03-16,0.14499357021649856
2024-03-17,0.31611861284465037
2024-03-18,0.1290523367211837
2024-03-19,0.03230876796146975
2024-03-20,0.0
2024-03-21,0.0
2024-03-22,0.0811750876880409
2024-03-23,0.05251895134556799
2024-03-24,0.18219708277756194
2024-03-25,-0.004939036175718059
2024-03-26,0.06444741774865755
2024-03-27,0.19560176038826063
2024-03-28,0.07441598439114762
2024-03-29,0.08180512952672869
2024-03-30,0.11005957854660323
2024-03-31,0.3071691777187044
2024-04-01,0.09089960165325917
2024-04-02,0.09234553817495267
2024-04-03,0.09084156032701338
2024-04-04,0.14245271070977952
2024-04-05,0.30687493510574393
2024-04-06,0.169913921360738
2024-04-07,0.15843122712801255
2024-04-08,-0.036522157669123555
2024-04-09,0.12146353260662324
2024-04-10,0.050315542091225435
2024-04-11,0.3606897173854788
2024-04-12,0.03818892506122701
2024-04-13,0.36265882507218045
2024-04-14,0.0812991400107386
2024-04-15,0.2748760292690797
2024-04-16,0.01822249162766357
2024-04-17,0.04595400265059107
2024-04-18,0.165318081373998
2024-04-19,0.08818550947970868
2024-04-20,0.07245570801716825
2024-04-21,0.04402960756625472
2024-04-22,0.27546731282795744
2024-04-23,-0.03895998078343342
2024-04-24,0.14839456666314194
2024-04-25,0.08519487908158631
2024-04-26,0.10099217635134046
2024-04-27,0.18080298816314275
2024-04-28,0.239386996872773
2024-04-29,0.2704922002040665
2024-04-30,0.3580458880463068
2024-05-01,0.05994846565525518
2024-05-02,-0.01948982881649155
2024-05-03,0.0
2024-05-04,0.2239846855769458
2024-05-05,0.3326344116532288
2024-05-06,0.10130729010561346
2024-05-07,0.27376760609059647
2024-05-08,-0.02496926265079237
2024-05-09,0.33315501775184864
2024-05-10,0.03150520956574464
2024-05-11,0.18626642910997798
2024-05-12,0.15155782899169584
2024-05-13,0.13927008786863804
2024-05-14,0.24788395584180134
2024-05-15,0.19807595633286135
2024-05-16,0.016092000789608082
2024-05-17,0.3696040126999966
2024-05-18,0.26354722569751204
2024-05-19,0.17767761161083206
2024-05-20,0.38274357324643965
2024-05-21,0.18127588294449687
2024-05-22,0.0678711383828908
2024-05-23,0.05129083403770965
2024-05-24,0.1359059412300856
2024-05-25,0.08823790910397362
2024-05-26,-0.036206913757279725
2024-05-27,0.1834507754894105
2024-05-28,0.30201511970900907
2024-05-29,0.07691416213816377
2024-05-30,0.5281710117742558
2024-05-31,0.15484822416788105
2024-06-01,-0.0017205287717768566
2024-06-02,0.37002277832499286
2024-06-03,0.07340167631371071
2024-06-04,0.10683715939656722
2024-06-05,0.3847264984217791
2024-06-06,0.11352942994174298
2024-06-07,0.19920390046257042
2024-06-08,0.06648108846634453
2024-06-09,0.07936188796109345
2024-06-10,0.042367554036488064
2024-06-11,0.09347113682170043
2024-06-12,0.001310656102150351
2024-06-13,0.19670542968052662
2024-06-14,0.12124671041965485
2024-06-15,0.36499247716398986
2024-06-16,0.26718325980579505
2024-06-17,0.055550560840088324
2024-06-18,-0.01344338856701429
2024-06-19,0.07107339827850466
2024-06-20,0.175538860474271
2024-06-21,0.19368553986485987
2024-06-22,0.1531925119216809
2024-06-23,0.21949428450195707
2024-06-24,-0.013578138771447187
2024-06-25,0.14327822715274055
2024-06-26,0.12442424774383451
2024-06-27,0.11450891762854254
2024-06-28,0.29142721136418825
2024-06-29,0.08775236510929628
2024-06-30,0.0652474718913503
2024-07-01,0.09868600995161907
2024-07-02,0.2600475674915194
2024-07-03,0.1463216095771311
2024-07-04,-0.007817554836159313
2024-07-05,0.09599041012610306
2024-07-06,0.12669045850225905
2024-07-07,0.27475642973349795
2024-07-08,0.28800206937155787
2024-07-09,0.22212346490304602
2024-07-10,0.03614015911573435
2024-07-11,0.2887463280345994
2024-07-12,0.5048235391713682
2024-07-13,0.3074231020067435
2024-07-14,0.19009592071409465
2024-07-15,0.3781877876705488
2024-07-16,0.2920647001389661
2024-07-17,0.17406634946856392
2024-07-18,0.3455819211776633
2024-07-19,0.26547791694445777
2024-07-20,0.11578507163939766
2024-07-21,0.3514232376694073
2024-07-22,0.10826372192896379
2024-07-23,0.23940485082894258
2024-07-24,0.17988563783213407
2024-07-25,0.011407393337230752
2024-07-26,0.0
2024-07-27,0.0
2024-07-28,0.283442399791327
2024-07-29,0.11679247145721464
2024-07-30,0.0937309548342225
2024-07-31,-0.028497065156348957
2024-08-01,0.20176370310845262
2024-08-02,0.4149045107652861
2024-08-03,0.0
2024-08-04,0.1728441251922473
2024-08-05,0.24770038146469167
2024-08-06,0.08854004236368379
2024-08-07,0.0
2024-08-08,0.061785219857075704
2024-08-09,0.07386441997698756
2024-08-10,-0.03991915729295771
2024-08-11,0.11015419409188038
2024-08-12,0.1085706269912584
2024-08-13,0.37776892171453164
2024-08-14,0.09225035006226354
2024-08-15,0.14071215604582282
2024-08-16,0.04969597062405706
2024-08-17,0.08689692304233528
2024-08-18,-0.04120100360421819
2024-08-19,0.07179471010736224
2024-08-20,0.07225466823097423
2024-08-21,0.074593419539328
2024-08-22,0.16906801779819244
2024-08-23,-0.028034749929218075
2024-08-24,-0.012942765446989753
2024-08-25,0.1927203377235416
2024-08-26,0.10497488182517255
2024-08-27,0.1919699206148947
2024-08-28,0.17262142202738417
2024-08-29,0.0936473494502789
2024-08-30,0.08406053179276374
2024-08-31,0.21921191903261544
2024-09-01,0.09252288280798555
2024-09-02,0.09976757614861431
2024-09-03,0.08308122808715897
2024-09-04,0.19214530337037727
2024-09-05,0.016129528827160507
2024-09-06,0.3476118922137169
2024-09-07,0.2444584771783612
2024-09-08,0.1929306844006792
2024-09-09,0.1694593900883576
2024-09-10,0.27063695113941955
2024-09-11,0.15889756155019208
2024-09-12,0.20876589539588014
2024-09-13,0.1052042151644774
2024-09-14,0.012420627536382477
2024-09-15,0.19507378331261938
2024-09-16,0.19442688442593553
2024-09-17,0.0651777694495726
2024-09-18,-0.03477465055588411
2024-09-19,0.07040500723286038
2024-09-20,0.28301647411912423
2024-09-21,-0.022251812110134037
2024-09-22,0.03801214031647383
2024-09-23,0.0832969718654284
2024-09-24,0.15240411083785368
2024-09-25,0.1739488394117769
2024-09-26,0.017161499139620166
2024-09-27,0.19009153251448985
2024-09-28,0.0
2024-09-29,0.005634487509031928
2024-09-30,0.0784134108510788
2024-10-01,0.10194498354546462
2024-10-02,0.13890002467318466
2024-10-03,0.06891704153396808
2024-10-04,0.14934627356314206
2024-10-05,0.2607629225076482
2024-10-06,0.1634277200736207
2024-10-07,0.08475685970571525
2024-10-08,0.07639303214793389
2024-10-09,0.09959831577063555
2024-10-10,0.18272583600088327
2024-10-11,0.019340937618010333
2024-10-12,0.2644690038407292
2024-10-13,-0.03459338509406863
2024-10-14,0.13733245375785486
2024-10-15,0.17733990761139756
2024-10-16,0.09273066806434178
2024-10-17,0.07915321213136603
2024-10-18,0.09475203849512931
2024-10-19,-0.004798651864079181
2024-10-20,-0.005373187205957149
2024-10-21,0.21411208479188848
2024-10-22,-0.007115475854974421
2024-10-23,0.1320897991125095
2024-10-24,0.045627386467455275
2024-10-25,0.18366622247120978
2024-10-26,0.09423132336903202
2024-10-27,-0.03602528303950458
2024-10-28,0.13969458204333757
2024-10-29,-0.0074668900308522065
2024-10-30,-0.04433643329871176
2024-10-31,0.08037901380350972
2024-11-01,0.13945259889346837
2024-11-02,0.16702864855265184
2024-11-03,-0.008313320404818424
2024-11-04,0.0
2024-11-05,0.07499369628297362
2024-11-06,0.2632416665731442
2024-11-07,0.1252139603600796
2024-11-08,0.06348737844358701
2024-11-09,0.06757401282991173
2024-11-10,0.118250739627876
2024-11-11,-0.0038322730844610985
2024-11-12,0.08698994699676121
2024-11-13,0.0359190071902585
2024-11-14,0.0
2024-11-15,0.0
2024-11-16,0.0920052689838765
2024-11-17,0.13015179656185974
2024-11-18,0.18480834017310976
2024-11-19,-0.04368794953696752
2024-11-20,0.0
2024-11-21,0.06870299594289524
2024-11-22,0.0
2024-11-23,-0.038593238109615555
2024-11-24,0.27171263959095326
2024-11-25,-0.01895915357885626
2024-11-26,0.22881338607201737
2024-11-27,0.1623156823861226
2024-11-28,0.0
2024-11-29,0.011661111398524805
2024-11-30,0.15531387175183758
2024-12-01,0.2735586300153356
2024-12-02,0.04996231313607899
2024-12-03,-0.0007976839346131789
2024-12-04,0.0
2024-12-05,0.0
2024-12-06,0.0
2024-12-07,-0.006915688462423176
2024-12-08,0.15256329666453453
2024-12-09,0.16683962609313133
2024-12-10,0.13012148565226625
2024-12-11,0.08387758229013004
2024-12-12,0.12816481640190466
2024-12-13,0.2586967857815703
2024-12-14,-0.00685356456806006
2024-12-15,0.12624064547449496
2024-12-16,0.10913477091731227
2024-12-17,0.0942837958374749
2024-12-18,0.06271264291830336
2024-12-19,0.0
2024-12-20,0.08641225589572865
2024-12-21,0.1432785658928485
2024-12-22,0.04175106645611659
2024-12-23,0.14691888751083895
2024-12-24,0.2444966568796856
2024-12-25,0.12533970261954258
2024-12-26,0.18921919385267705
2024-12-27,0.0
2024-12-28,0.2957609008305717
2024-12-29,0.16565542783989715
2024-12-30,0.0
2024-12-31,0.12846922398785243
